site,placette,date,visite_id,espece
BoisLarge,P7,2004-10-02,V1,Esp0010
BoisLarge,P5,2004-10-02,V1,Esp0097
BoisLarge,P6,2004-10-02,V1,Esp0107
BoisLarge,P2,2004-10-02,V1,Esp0174
BoisLarge,P1,2004-10-02,V1,Esp0216
BoisLarge,P5,2004-10-02,V1,Esp0230
BoisLarge,P6,2004-10-02,V1,Esp0235
BoisLarge,P1,2004-10-02,V1,Esp0247
BoisLarge,P2,2004-10-02,V1,Esp0250
BoisLarge,P6,2004-10-02,V1,Esp0269
BoisLarge,P1,2004-10-02,V1,Esp0293
BoisLarge,P1,2004-10-02,V1,Esp0319
BoisLarge,P3,2004-10-02,V1,Esp0326
BoisLarge,P5,2004-10-02,V1,Esp0330
BoisLarge,P2,2004-10-02,V1,Esp0351
BoisLarge,P5,2004-10-02,V1,Esp0358
BoisLarge,P1,2004-10-02,V1,Esp0359
BoisLarge,P2,2004-10-02,V1,Esp0386
BoisLarge,P4,2004-10-02,V1,Esp0400
BoisLarge,P7,2004-10-02,V1,Esp0403
BoisLarge,P1,2004-10-02,V1,Esp0407
BoisLarge,P6,2004-10-02,V1,Esp0408
BoisLarge,P5,2004-10-02,V1,Esp0409
BoisLarge,P7,2004-10-02,V1,Esp0410
BoisLarge,P1,2004-10-02,V1,Esp0412
BoisLarge,P1,2004-10-02,V1,Esp0417
BoisLarge,P5,2004-10-02,V1,Esp0420
BoisLarge,P4,2004-10-02,V1,Esp0423
BoisLarge,P2,2004-10-02,V1,Esp0438
BoisLarge,P3,2004-10-02,V1,Esp0439
BoisLarge,P5,2004-10-02,V1,Esp0444
BoisLarge,P7,2004-10-02,V1,Esp0447
BoisLarge,P2,2004-10-02,V1,Esp0451
BoisLarge,P5,2004-10-02,V1,Esp0457
BoisLarge,P1,2004-10-02,V1,Esp0462
BoisLarge,P7,2004-10-02,V1,Esp0463
BoisLarge,P4,2004-10-02,V1,Esp0464
BoisLarge,P2,2004-10-02,V1,Esp0468
BoisLarge,P7,2004-10-02,V1,Esp0469
BoisLarge,P2,2004-10-02,V1,Esp0470
BoisLarge,P7,2004-10-02,V1,Esp0471
BoisLarge,P6,2004-10-02,V1,Esp0474
BoisLarge,P1,2004-10-02,V1,Esp0475
BoisLarge,P7,2004-10-02,V1,Esp0480
BoisLarge,P7,2004-10-02,V1,Esp0481
BoisLarge,P4,2004-10-02,V1,Esp0484
BoisLarge,P6,2004-10-02,V1,Esp0486
BoisLarge,P5,2004-10-10,V2,Esp0014
BoisLarge,P6,2004-10-10,V2,Esp0095
BoisLarge,P6,2004-10-10,V2,Esp0109
BoisLarge,P5,2004-10-10,V2,Esp0125
BoisLarge,P3,2004-10-10,V2,Esp0186
BoisLarge,P5,2004-10-10,V2,Esp0204
BoisLarge,P7,2004-10-10,V2,Esp0214
BoisLarge,P5,2004-10-10,V2,Esp0270
BoisLarge,P6,2004-10-10,V2,Esp0287
BoisLarge,P2,2004-10-10,V2,Esp0305
BoisLarge,P5,2004-10-10,V2,Esp0308
BoisLarge,P4,2004-10-10,V2,Esp0320
BoisLarge,P6,2004-10-10,V2,Esp0323
BoisLarge,P6,2004-10-10,V2,Esp0326
BoisLarge,P4,2004-10-10,V2,Esp0329
BoisLarge,P3,2004-10-10,V2,Esp0365
BoisLarge,P7,2004-10-10,V2,Esp0368
BoisLarge,P3,2004-10-10,V2,Esp0372
BoisLarge,P5,2004-10-10,V2,Esp0375
BoisLarge,P1,2004-10-10,V2,Esp0376
BoisLarge,P4,2004-10-10,V2,Esp0377
BoisLarge,P5,2004-10-10,V2,Esp0385
BoisLarge,P4,2004-10-10,V2,Esp0392
BoisLarge,P3,2004-10-10,V2,Esp0393
BoisLarge,P5,2004-10-10,V2,Esp0395
BoisLarge,P4,2004-10-10,V2,Esp0416
BoisLarge,P3,2004-10-10,V2,Esp0418
BoisLarge,P3,2004-10-10,V2,Esp0424
BoisLarge,P5,2004-10-10,V2,Esp0425
BoisLarge,P3,2004-10-10,V2,Esp0432
BoisLarge,P4,2004-10-10,V2,Esp0440
BoisLarge,P6,2004-10-10,V2,Esp0443
BoisLarge,P5,2004-10-10,V2,Esp0451
BoisLarge,P1,2004-10-10,V2,Esp0453
BoisLarge,P7,2004-10-10,V2,Esp0456
BoisLarge,P2,2004-10-10,V2,Esp0458
BoisLarge,P4,2004-10-10,V2,Esp0459
BoisLarge,P7,2004-10-10,V2,Esp0460
BoisLarge,P1,2004-10-10,V2,Esp0461
BoisLarge,P7,2004-10-10,V2,Esp0463
BoisLarge,P5,2004-10-10,V2,Esp0465
BoisLarge,P3,2004-10-10,V2,Esp0467
BoisLarge,P3,2004-10-10,V2,Esp0470
BoisLarge,P2,2004-10-10,V2,Esp0472
BoisLarge,P1,2004-10-10,V2,Esp0473
BoisLarge,P7,2004-10-10,V2,Esp0477
BoisLarge,P5,2004-10-10,V2,Esp0479
BoisLarge,P1,2004-10-10,V2,Esp0480
BoisLarge,P5,2004-10-10,V2,Esp0481
BoisLarge,P7,2004-10-10,V2,Esp0483
BoisLarge,P4,2004-10-10,V2,Esp0484
BoisLarge,P4,2004-10-10,V2,Esp0485
BoisLarge,P5,2004-10-17,V3,Esp0027
BoisLarge,P7,2004-10-17,V3,Esp0072
BoisLarge,P4,2004-10-17,V3,Esp0079
BoisLarge,P6,2004-10-17,V3,Esp0169
BoisLarge,P2,2004-10-17,V3,Esp0203
BoisLarge,P6,2004-10-17,V3,Esp0236
BoisLarge,P1,2004-10-17,V3,Esp0260
BoisLarge,P5,2004-10-17,V3,Esp0271
BoisLarge,P1,2004-10-17,V3,Esp0302
BoisLarge,P6,2004-10-17,V3,Esp0316
BoisLarge,P1,2004-10-17,V3,Esp0324
BoisLarge,P7,2004-10-17,V3,Esp0346
BoisLarge,P5,2004-10-17,V3,Esp0347
BoisLarge,P3,2004-10-17,V3,Esp0349
BoisLarge,P5,2004-10-17,V3,Esp0351
BoisLarge,P5,2004-10-17,V3,Esp0367
BoisLarge,P4,2004-10-17,V3,Esp0380
BoisLarge,P3,2004-10-17,V3,Esp0384
BoisLarge,P5,2004-10-17,V3,Esp0387
BoisLarge,P3,2004-10-17,V3,Esp0390
BoisLarge,P3,2004-10-17,V3,Esp0396
BoisLarge,P6,2004-10-17,V3,Esp0409
BoisLarge,P7,2004-10-17,V3,Esp0427
BoisLarge,P5,2004-10-17,V3,Esp0430
BoisLarge,P1,2004-10-17,V3,Esp0431
BoisLarge,P6,2004-10-17,V3,Esp0432
BoisLarge,P7,2004-10-17,V3,Esp0433
BoisLarge,P1,2004-10-17,V3,Esp0436
BoisLarge,P6,2004-10-17,V3,Esp0437
BoisLarge,P4,2004-10-17,V3,Esp0443
BoisLarge,P1,2004-10-17,V3,Esp0447
BoisLarge,P1,2004-10-17,V3,Esp0449
BoisLarge,P2,2004-10-17,V3,Esp0451
BoisLarge,P7,2004-10-17,V3,Esp0459
BoisLarge,P6,2004-10-17,V3,Esp0460
BoisLarge,P2,2004-10-17,V3,Esp0465
BoisLarge,P1,2004-10-17,V3,Esp0466
BoisLarge,P2,2004-10-17,V3,Esp0467
BoisLarge,P6,2004-10-17,V3,Esp0468
BoisLarge,P6,2004-10-17,V3,Esp0469
BoisLarge,P2,2004-10-17,V3,Esp0471
BoisLarge,P1,2004-10-17,V3,Esp0472
BoisLarge,P3,2004-10-17,V3,Esp0475
BoisLarge,P1,2004-10-17,V3,Esp0480
BoisLarge,P1,2004-10-17,V3,Esp0481
BoisLarge,P4,2004-10-17,V3,Esp0482
BoisLarge,P3,2004-10-17,V3,Esp0484
BoisLarge,P7,2004-10-17,V3,Esp0485
BoisLarge,P4,2004-10-22,V4,Esp0073
BoisLarge,P2,2004-10-22,V4,Esp0120
BoisLarge,P6,2004-10-22,V4,Esp0123
BoisLarge,P5,2004-10-22,V4,Esp0127
BoisLarge,P2,2004-10-22,V4,Esp0226
BoisLarge,P4,2004-10-22,V4,Esp0283
BoisLarge,P7,2004-10-22,V4,Esp0293
BoisLarge,P6,2004-10-22,V4,Esp0299
BoisLarge,P2,2004-10-22,V4,Esp0312
BoisLarge,P6,2004-10-22,V4,Esp0331
BoisLarge,P3,2004-10-22,V4,Esp0335
BoisLarge,P4,2004-10-22,V4,Esp0365
BoisLarge,P4,2004-10-22,V4,Esp0367
BoisLarge,P2,2004-10-22,V4,Esp0369
BoisLarge,P1,2004-10-22,V4,Esp0371
BoisLarge,P2,2004-10-22,V4,Esp0375
BoisLarge,P2,2004-10-22,V4,Esp0386
BoisLarge,P3,2004-10-22,V4,Esp0399
BoisLarge,P3,2004-10-22,V4,Esp0402
BoisLarge,P4,2004-10-22,V4,Esp0414
BoisLarge,P5,2004-10-22,V4,Esp0417
BoisLarge,P3,2004-10-22,V4,Esp0422
BoisLarge,P1,2004-10-22,V4,Esp0424
BoisLarge,P6,2004-10-22,V4,Esp0430
BoisLarge,P6,2004-10-22,V4,Esp0432
BoisLarge,P6,2004-10-22,V4,Esp0436
BoisLarge,P5,2004-10-22,V4,Esp0441
BoisLarge,P5,2004-10-22,V4,Esp0446
BoisLarge,P3,2004-10-22,V4,Esp0449
BoisLarge,P3,2004-10-22,V4,Esp0456
BoisLarge,P1,2004-10-22,V4,Esp0458
BoisLarge,P4,2004-10-22,V4,Esp0463
BoisLarge,P6,2004-10-22,V4,Esp0465
BoisLarge,P3,2004-10-22,V4,Esp0468
BoisLarge,P5,2004-10-22,V4,Esp0472
BoisLarge,P6,2004-10-22,V4,Esp0473
BoisLarge,P5,2004-10-22,V4,Esp0475
BoisLarge,P2,2004-10-22,V4,Esp0476
BoisLarge,P3,2004-10-22,V4,Esp0478
BoisLarge,P5,2004-10-22,V4,Esp0479
BoisLarge,P3,2004-10-22,V4,Esp0483
BoisLarge,P6,2004-10-22,V4,Esp0484
BoisLarge,P3,2004-10-22,V4,Esp0485
BoisLarge,P7,2004-10-22,V4,Esp0486
BoisLarge,P5,2004-10-29,V5,Esp0025
BoisLarge,P4,2004-10-29,V5,Esp0031
BoisLarge,P6,2004-10-29,V5,Esp0062
BoisLarge,P5,2004-10-29,V5,Esp0094
BoisLarge,P1,2004-10-29,V5,Esp0112
BoisLarge,P6,2004-10-29,V5,Esp0161
BoisLarge,P5,2004-10-29,V5,Esp0195
BoisLarge,P4,2004-10-29,V5,Esp0205
BoisLarge,P1,2004-10-29,V5,Esp0215
BoisLarge,P4,2004-10-29,V5,Esp0232
BoisLarge,P7,2004-10-29,V5,Esp0253
BoisLarge,P7,2004-10-29,V5,Esp0272
BoisLarge,P3,2004-10-29,V5,Esp0302
BoisLarge,P4,2004-10-29,V5,Esp0307
BoisLarge,P3,2004-10-29,V5,Esp0320
BoisLarge,P6,2004-10-29,V5,Esp0326
BoisLarge,P2,2004-10-29,V5,Esp0340
BoisLarge,P2,2004-10-29,V5,Esp0345
BoisLarge,P2,2004-10-29,V5,Esp0347
BoisLarge,P4,2004-10-29,V5,Esp0363
BoisLarge,P4,2004-10-29,V5,Esp0380
BoisLarge,P1,2004-10-29,V5,Esp0388
BoisLarge,P1,2004-10-29,V5,Esp0389
BoisLarge,P4,2004-10-29,V5,Esp0390
BoisLarge,P2,2004-10-29,V5,Esp0397
BoisLarge,P1,2004-10-29,V5,Esp0403
BoisLarge,P4,2004-10-29,V5,Esp0414
BoisLarge,P4,2004-10-29,V5,Esp0438
BoisLarge,P7,2004-10-29,V5,Esp0441
BoisLarge,P5,2004-10-29,V5,Esp0442
BoisLarge,P2,2004-10-29,V5,Esp0446
BoisLarge,P6,2004-10-29,V5,Esp0447
BoisLarge,P6,2004-10-29,V5,Esp0448
BoisLarge,P6,2004-10-29,V5,Esp0449
BoisLarge,P5,2004-10-29,V5,Esp0450
BoisLarge,P5,2004-10-29,V5,Esp0451
BoisLarge,P1,2004-10-29,V5,Esp0461
BoisLarge,P6,2004-10-29,V5,Esp0463
BoisLarge,P5,2004-10-29,V5,Esp0465
BoisLarge,P4,2004-10-29,V5,Esp0466
BoisLarge,P2,2004-10-29,V5,Esp0478
BoisLarge,P4,2004-10-29,V5,Esp0481
BoisLarge,P5,2004-10-29,V5,Esp0482
BoisLarge,P4,2004-10-29,V5,Esp0483
BoisLarge,P2,2004-11-08,V6,Esp0007
BoisLarge,P3,2004-11-08,V6,Esp0020
BoisLarge,P4,2004-11-08,V6,Esp0041
BoisLarge,P1,2004-11-08,V6,Esp0053
BoisLarge,P4,2004-11-08,V6,Esp0078
BoisLarge,P1,2004-11-08,V6,Esp0080
BoisLarge,P7,2004-11-08,V6,Esp0122
BoisLarge,P3,2004-11-08,V6,Esp0135
BoisLarge,P6,2004-11-08,V6,Esp0145
BoisLarge,P3,2004-11-08,V6,Esp0196
BoisLarge,P4,2004-11-08,V6,Esp0289
BoisLarge,P1,2004-11-08,V6,Esp0298
BoisLarge,P1,2004-11-08,V6,Esp0308
BoisLarge,P4,2004-11-08,V6,Esp0309
BoisLarge,P3,2004-11-08,V6,Esp0322
BoisLarge,P7,2004-11-08,V6,Esp0324
BoisLarge,P2,2004-11-08,V6,Esp0332
BoisLarge,P6,2004-11-08,V6,Esp0342
BoisLarge,P4,2004-11-08,V6,Esp0343
BoisLarge,P3,2004-11-08,V6,Esp0344
BoisLarge,P2,2004-11-08,V6,Esp0353
BoisLarge,P5,2004-11-08,V6,Esp0356
BoisLarge,P2,2004-11-08,V6,Esp0362
BoisLarge,P2,2004-11-08,V6,Esp0370
BoisLarge,P7,2004-11-08,V6,Esp0378
BoisLarge,P7,2004-11-08,V6,Esp0383
BoisLarge,P3,2004-11-08,V6,Esp0389
BoisLarge,P1,2004-11-08,V6,Esp0391
BoisLarge,P6,2004-11-08,V6,Esp0402
BoisLarge,P3,2004-11-08,V6,Esp0403
BoisLarge,P6,2004-11-08,V6,Esp0404
BoisLarge,P3,2004-11-08,V6,Esp0406
BoisLarge,P2,2004-11-08,V6,Esp0409
BoisLarge,P1,2004-11-08,V6,Esp0419
BoisLarge,P4,2004-11-08,V6,Esp0421
BoisLarge,P4,2004-11-08,V6,Esp0425
BoisLarge,P3,2004-11-08,V6,Esp0426
BoisLarge,P5,2004-11-08,V6,Esp0430
BoisLarge,P5,2004-11-08,V6,Esp0432
BoisLarge,P1,2004-11-08,V6,Esp0435
BoisLarge,P5,2004-11-08,V6,Esp0438
BoisLarge,P3,2004-11-08,V6,Esp0443
BoisLarge,P6,2004-11-08,V6,Esp0444
BoisLarge,P5,2004-11-08,V6,Esp0450
BoisLarge,P1,2004-11-08,V6,Esp0453
BoisLarge,P4,2004-11-08,V6,Esp0461
BoisLarge,P1,2004-11-08,V6,Esp0462
BoisLarge,P3,2004-11-08,V6,Esp0463
BoisLarge,P7,2004-11-08,V6,Esp0464
BoisLarge,P3,2004-11-08,V6,Esp0468
BoisLarge,P5,2004-11-08,V6,Esp0474
BoisLarge,P4,2004-11-08,V6,Esp0480
BoisLarge,P7,2004-11-08,V6,Esp0481
BoisLarge,P7,2004-11-08,V6,Esp0484
BoisLarge,P4,2004-11-08,V6,Esp0486
BoisLarge,P2,2005-08-23,V7,Esp0033
BoisLarge,P3,2005-08-23,V7,Esp0131
BoisLarge,P6,2005-08-23,V7,Esp0156
BoisLarge,P7,2005-08-23,V7,Esp0203
BoisLarge,P3,2005-08-23,V7,Esp0220
BoisLarge,P3,2005-08-23,V7,Esp0254
BoisLarge,P2,2005-08-23,V7,Esp0257
BoisLarge,P7,2005-08-23,V7,Esp0261
BoisLarge,P3,2005-08-23,V7,Esp0263
BoisLarge,P3,2005-08-23,V7,Esp0268
BoisLarge,P5,2005-08-23,V7,Esp0282
BoisLarge,P7,2005-08-23,V7,Esp0289
BoisLarge,P2,2005-08-23,V7,Esp0304
BoisLarge,P2,2005-08-23,V7,Esp0306
BoisLarge,P1,2005-08-23,V7,Esp0319
BoisLarge,P5,2005-08-23,V7,Esp0329
BoisLarge,P3,2005-08-23,V7,Esp0349
BoisLarge,P5,2005-08-23,V7,Esp0355
BoisLarge,P5,2005-08-23,V7,Esp0373
BoisLarge,P1,2005-08-23,V7,Esp0393
BoisLarge,P2,2005-08-23,V7,Esp0408
BoisLarge,P3,2005-08-23,V7,Esp0412
BoisLarge,P5,2005-08-23,V7,Esp0413
BoisLarge,P2,2005-08-23,V7,Esp0416
BoisLarge,P1,2005-08-23,V7,Esp0420
BoisLarge,P7,2005-08-23,V7,Esp0423
BoisLarge,P5,2005-08-23,V7,Esp0441
BoisLarge,P7,2005-08-23,V7,Esp0447
BoisLarge,P7,2005-08-23,V7,Esp0452
BoisLarge,P3,2005-08-23,V7,Esp0454
BoisLarge,P1,2005-08-23,V7,Esp0462
BoisLarge,P5,2005-08-23,V7,Esp0463
BoisLarge,P3,2005-08-23,V7,Esp0465
BoisLarge,P2,2005-08-23,V7,Esp0470
BoisLarge,P2,2005-08-23,V7,Esp0474
BoisLarge,P1,2005-08-23,V7,Esp0475
BoisLarge,P5,2005-08-23,V7,Esp0477
BoisLarge,P6,2005-08-23,V7,Esp0478
BoisLarge,P2,2005-08-23,V7,Esp0479
BoisLarge,P1,2005-08-23,V7,Esp0482
BoisLarge,P2,2005-08-23,V7,Esp0483
BoisLarge,P5,2005-08-23,V7,Esp0485
BoisLarge,P6,2005-08-23,V7,Esp0486
BoisLarge,P1,2005-08-25,V8,Esp0013
BoisLarge,P5,2005-08-25,V8,Esp0121
BoisLarge,P2,2005-08-25,V8,Esp0133
BoisLarge,P4,2005-08-25,V8,Esp0208
BoisLarge,P5,2005-08-25,V8,Esp0220
BoisLarge,P4,2005-08-25,V8,Esp0240
BoisLarge,P6,2005-08-25,V8,Esp0246
BoisLarge,P6,2005-08-25,V8,Esp0247
BoisLarge,P2,2005-08-25,V8,Esp0260
BoisLarge,P6,2005-08-25,V8,Esp0275
BoisLarge,P5,2005-08-25,V8,Esp0276
BoisLarge,P6,2005-08-25,V8,Esp0285
BoisLarge,P3,2005-08-25,V8,Esp0296
BoisLarge,P6,2005-08-25,V8,Esp0312
BoisLarge,P6,2005-08-25,V8,Esp0315
BoisLarge,P1,2005-08-25,V8,Esp0325
BoisLarge,P2,2005-08-25,V8,Esp0328
BoisLarge,P5,2005-08-25,V8,Esp0340
BoisLarge,P7,2005-08-25,V8,Esp0342
BoisLarge,P6,2005-08-25,V8,Esp0357
BoisLarge,P2,2005-08-25,V8,Esp0361
BoisLarge,P3,2005-08-25,V8,Esp0363
BoisLarge,P2,2005-08-25,V8,Esp0371
BoisLarge,P4,2005-08-25,V8,Esp0373
BoisLarge,P5,2005-08-25,V8,Esp0374
BoisLarge,P4,2005-08-25,V8,Esp0379
BoisLarge,P7,2005-08-25,V8,Esp0386
BoisLarge,P6,2005-08-25,V8,Esp0401
BoisLarge,P1,2005-08-25,V8,Esp0404
BoisLarge,P3,2005-08-25,V8,Esp0406
BoisLarge,P1,2005-08-25,V8,Esp0414
BoisLarge,P4,2005-08-25,V8,Esp0416
BoisLarge,P4,2005-08-25,V8,Esp0420
BoisLarge,P5,2005-08-25,V8,Esp0423
BoisLarge,P6,2005-08-25,V8,Esp0425
BoisLarge,P3,2005-08-25,V8,Esp0429
BoisLarge,P1,2005-08-25,V8,Esp0431
BoisLarge,P2,2005-08-25,V8,Esp0434
BoisLarge,P2,2005-08-25,V8,Esp0435
BoisLarge,P3,2005-08-25,V8,Esp0441
BoisLarge,P2,2005-08-25,V8,Esp0443
BoisLarge,P5,2005-08-25,V8,Esp0444
BoisLarge,P6,2005-08-25,V8,Esp0455
BoisLarge,P3,2005-08-25,V8,Esp0456
BoisLarge,P3,2005-08-25,V8,Esp0458
BoisLarge,P3,2005-08-25,V8,Esp0459
BoisLarge,P7,2005-08-25,V8,Esp0460
BoisLarge,P2,2005-08-25,V8,Esp0461
BoisLarge,P4,2005-08-25,V8,Esp0462
BoisLarge,P7,2005-08-25,V8,Esp0466
BoisLarge,P4,2005-08-25,V8,Esp0469
BoisLarge,P5,2005-08-25,V8,Esp0471
BoisLarge,P6,2005-08-25,V8,Esp0473
BoisLarge,P3,2005-08-25,V8,Esp0477
BoisLarge,P2,2005-08-25,V8,Esp0481
BoisLarge,P4,2005-08-25,V8,Esp0486
BoisLarge,P4,2005-08-28,V9,Esp0048
BoisLarge,P5,2005-08-28,V9,Esp0054
BoisLarge,P1,2005-08-28,V9,Esp0115
BoisLarge,P3,2005-08-28,V9,Esp0118
BoisLarge,P5,2005-08-28,V9,Esp0149
BoisLarge,P7,2005-08-28,V9,Esp0154
BoisLarge,P2,2005-08-28,V9,Esp0218
BoisLarge,P4,2005-08-28,V9,Esp0231
BoisLarge,P3,2005-08-28,V9,Esp0237
BoisLarge,P3,2005-08-28,V9,Esp0248
BoisLarge,P7,2005-08-28,V9,Esp0252
BoisLarge,P2,2005-08-28,V9,Esp0280
BoisLarge,P1,2005-08-28,V9,Esp0286
BoisLarge,P4,2005-08-28,V9,Esp0294
BoisLarge,P3,2005-08-28,V9,Esp0298
BoisLarge,P2,2005-08-28,V9,Esp0301
BoisLarge,P1,2005-08-28,V9,Esp0307
BoisLarge,P2,2005-08-28,V9,Esp0322
BoisLarge,P5,2005-08-28,V9,Esp0338
BoisLarge,P3,2005-08-28,V9,Esp0356
BoisLarge,P5,2005-08-28,V9,Esp0360
BoisLarge,P2,2005-08-28,V9,Esp0366
BoisLarge,P4,2005-08-28,V9,Esp0370
BoisLarge,P4,2005-08-28,V9,Esp0372
BoisLarge,P6,2005-08-28,V9,Esp0397
BoisLarge,P3,2005-08-28,V9,Esp0398
BoisLarge,P5,2005-08-28,V9,Esp0399
BoisLarge,P2,2005-08-28,V9,Esp0400
BoisLarge,P1,2005-08-28,V9,Esp0402
BoisLarge,P3,2005-08-28,V9,Esp0404
BoisLarge,P6,2005-08-28,V9,Esp0415
BoisLarge,P1,2005-08-28,V9,Esp0423
BoisLarge,P3,2005-08-28,V9,Esp0429
BoisLarge,P1,2005-08-28,V9,Esp0430
BoisLarge,P4,2005-08-28,V9,Esp0440
BoisLarge,P4,2005-08-28,V9,Esp0441
BoisLarge,P4,2005-08-28,V9,Esp0445
BoisLarge,P6,2005-08-28,V9,Esp0447
BoisLarge,P6,2005-08-28,V9,Esp0455
BoisLarge,P6,2005-08-28,V9,Esp0459
BoisLarge,P3,2005-08-28,V9,Esp0461
BoisLarge,P5,2005-08-28,V9,Esp0462
BoisLarge,P1,2005-08-28,V9,Esp0467
BoisLarge,P2,2005-08-28,V9,Esp0469
BoisLarge,P2,2005-08-28,V9,Esp0470
BoisLarge,P1,2005-08-28,V9,Esp0475
BoisLarge,P1,2005-08-28,V9,Esp0477
BoisLarge,P1,2005-08-28,V9,Esp0480
BoisLarge,P3,2005-08-28,V9,Esp0483
BoisLarge,P3,2005-08-28,V9,Esp0485
BoisLarge,P2,2005-08-30,V10,Esp0008
BoisLarge,P2,2005-08-30,V10,Esp0035
BoisLarge,P6,2005-08-30,V10,Esp0043
BoisLarge,P2,2005-08-30,V10,Esp0044
BoisLarge,P1,2005-08-30,V10,Esp0092
BoisLarge,P1,2005-08-30,V10,Esp0134
BoisLarge,P6,2005-08-30,V10,Esp0143
BoisLarge,P3,2005-08-30,V10,Esp0147
BoisLarge,P4,2005-08-30,V10,Esp0168
BoisLarge,P6,2005-08-30,V10,Esp0208
BoisLarge,P6,2005-08-30,V10,Esp0213
BoisLarge,P2,2005-08-30,V10,Esp0245
BoisLarge,P7,2005-08-30,V10,Esp0249
BoisLarge,P6,2005-08-30,V10,Esp0256
BoisLarge,P1,2005-08-30,V10,Esp0267
BoisLarge,P3,2005-08-30,V10,Esp0269
BoisLarge,P2,2005-08-30,V10,Esp0279
BoisLarge,P3,2005-08-30,V10,Esp0280
BoisLarge,P2,2005-08-30,V10,Esp0301
BoisLarge,P2,2005-08-30,V10,Esp0306
BoisLarge,P7,2005-08-30,V10,Esp0312
BoisLarge,P3,2005-08-30,V10,Esp0314
BoisLarge,P4,2005-08-30,V10,Esp0325
BoisLarge,P7,2005-08-30,V10,Esp0332
BoisLarge,P7,2005-08-30,V10,Esp0341
BoisLarge,P7,2005-08-30,V10,Esp0344
BoisLarge,P4,2005-08-30,V10,Esp0358
BoisLarge,P4,2005-08-30,V10,Esp0366
BoisLarge,P3,2005-08-30,V10,Esp0368
BoisLarge,P7,2005-08-30,V10,Esp0372
BoisLarge,P7,2005-08-30,V10,Esp0375
BoisLarge,P1,2005-08-30,V10,Esp0383
BoisLarge,P1,2005-08-30,V10,Esp0399
BoisLarge,P2,2005-08-30,V10,Esp0402
BoisLarge,P1,2005-08-30,V10,Esp0405
BoisLarge,P1,2005-08-30,V10,Esp0407
BoisLarge,P7,2005-08-30,V10,Esp0422
BoisLarge,P5,2005-08-30,V10,Esp0424
BoisLarge,P5,2005-08-30,V10,Esp0427
BoisLarge,P7,2005-08-30,V10,Esp0428
BoisLarge,P6,2005-08-30,V10,Esp0435
BoisLarge,P6,2005-08-30,V10,Esp0436
BoisLarge,P2,2005-08-30,V10,Esp0437
BoisLarge,P6,2005-08-30,V10,Esp0441
BoisLarge,P4,2005-08-30,V10,Esp0442
BoisLarge,P7,2005-08-30,V10,Esp0443
BoisLarge,P2,2005-08-30,V10,Esp0445
BoisLarge,P6,2005-08-30,V10,Esp0446
BoisLarge,P5,2005-08-30,V10,Esp0456
BoisLarge,P4,2005-08-30,V10,Esp0471
BoisLarge,P4,2005-08-30,V10,Esp0473
BoisLarge,P7,2005-08-30,V10,Esp0476
BoisLarge,P7,2005-08-30,V10,Esp0477
BoisLarge,P1,2005-08-30,V10,Esp0478
BoisLarge,P7,2005-08-30,V10,Esp0480
BoisLarge,P1,2005-08-30,V10,Esp0482
BoisLarge,P1,2005-08-30,V10,Esp0483
BoisLarge,P7,2005-08-30,V10,Esp0484
BoisLarge,P3,2005-08-30,V10,Esp0485
BoisLarge,P7,2005-08-30,V10,Esp0486
BoisLarge,P1,2005-09-11,V11,Esp0004
BoisLarge,P4,2005-09-11,V11,Esp0006
BoisLarge,P6,2005-09-11,V11,Esp0015
BoisLarge,P1,2005-09-11,V11,Esp0022
BoisLarge,P4,2005-09-11,V11,Esp0113
BoisLarge,P2,2005-09-11,V11,Esp0171
BoisLarge,P7,2005-09-11,V11,Esp0204
BoisLarge,P1,2005-09-11,V11,Esp0210
BoisLarge,P5,2005-09-11,V11,Esp0212
BoisLarge,P2,2005-09-11,V11,Esp0230
BoisLarge,P1,2005-09-11,V11,Esp0234
BoisLarge,P1,2005-09-11,V11,Esp0237
BoisLarge,P4,2005-09-11,V11,Esp0259
BoisLarge,P6,2005-09-11,V11,Esp0266
BoisLarge,P7,2005-09-11,V11,Esp0274
BoisLarge,P6,2005-09-11,V11,Esp0287
BoisLarge,P5,2005-09-11,V11,Esp0288
BoisLarge,P5,2005-09-11,V11,Esp0289
BoisLarge,P6,2005-09-11,V11,Esp0295
BoisLarge,P5,2005-09-11,V11,Esp0304
BoisLarge,P4,2005-09-11,V11,Esp0310
BoisLarge,P2,2005-09-11,V11,Esp0313
BoisLarge,P7,2005-09-11,V11,Esp0316
BoisLarge,P1,2005-09-11,V11,Esp0318
BoisLarge,P4,2005-09-11,V11,Esp0323
BoisLarge,P1,2005-09-11,V11,Esp0328
BoisLarge,P1,2005-09-11,V11,Esp0339
BoisLarge,P2,2005-09-11,V11,Esp0346
BoisLarge,P5,2005-09-11,V11,Esp0349
BoisLarge,P5,2005-09-11,V11,Esp0350
BoisLarge,P3,2005-09-11,V11,Esp0351
BoisLarge,P5,2005-09-11,V11,Esp0359
BoisLarge,P2,2005-09-11,V11,Esp0376
BoisLarge,P4,2005-09-11,V11,Esp0384
BoisLarge,P3,2005-09-11,V11,Esp0394
BoisLarge,P4,2005-09-11,V11,Esp0395
BoisLarge,P7,2005-09-11,V11,Esp0398
BoisLarge,P7,2005-09-11,V11,Esp0410
BoisLarge,P5,2005-09-11,V11,Esp0411
BoisLarge,P2,2005-09-11,V11,Esp0412
BoisLarge,P6,2005-09-11,V11,Esp0418
BoisLarge,P4,2005-09-11,V11,Esp0448
BoisLarge,P7,2005-09-11,V11,Esp0451
BoisLarge,P1,2005-09-11,V11,Esp0457
BoisLarge,P5,2005-09-11,V11,Esp0458
BoisLarge,P5,2005-09-11,V11,Esp0462
BoisLarge,P4,2005-09-11,V11,Esp0466
BoisLarge,P1,2005-09-11,V11,Esp0471
BoisLarge,P5,2005-09-11,V11,Esp0472
BoisLarge,P3,2005-09-11,V11,Esp0473
BoisLarge,P5,2005-09-11,V11,Esp0476
BoisLarge,P3,2005-09-11,V11,Esp0477
BoisLarge,P4,2005-09-11,V11,Esp0479
BoisLarge,P5,2005-09-11,V11,Esp0480
BoisLarge,P7,2005-09-11,V11,Esp0481
BoisLarge,P4,2005-09-11,V11,Esp0482
BoisLarge,P5,2005-09-13,V12,Esp0002
BoisLarge,P2,2005-09-13,V12,Esp0067
BoisLarge,P1,2005-09-13,V12,Esp0119
BoisLarge,P1,2005-09-13,V12,Esp0128
BoisLarge,P2,2005-09-13,V12,Esp0132
BoisLarge,P6,2005-09-13,V12,Esp0148
BoisLarge,P4,2005-09-13,V12,Esp0170
BoisLarge,P4,2005-09-13,V12,Esp0221
BoisLarge,P4,2005-09-13,V12,Esp0223
BoisLarge,P2,2005-09-13,V12,Esp0251
BoisLarge,P1,2005-09-13,V12,Esp0272
BoisLarge,P2,2005-09-13,V12,Esp0306
BoisLarge,P6,2005-09-13,V12,Esp0321
BoisLarge,P4,2005-09-13,V12,Esp0333
BoisLarge,P6,2005-09-13,V12,Esp0339
BoisLarge,P1,2005-09-13,V12,Esp0352
BoisLarge,P7,2005-09-13,V12,Esp0367
BoisLarge,P3,2005-09-13,V12,Esp0374
BoisLarge,P4,2005-09-13,V12,Esp0378
BoisLarge,P7,2005-09-13,V12,Esp0390
BoisLarge,P5,2005-09-13,V12,Esp0392
BoisLarge,P4,2005-09-13,V12,Esp0397
BoisLarge,P4,2005-09-13,V12,Esp0403
BoisLarge,P3,2005-09-13,V12,Esp0415
BoisLarge,P2,2005-09-13,V12,Esp0418
BoisLarge,P4,2005-09-13,V12,Esp0421
BoisLarge,P2,2005-09-13,V12,Esp0422
BoisLarge,P2,2005-09-13,V12,Esp0428
BoisLarge,P4,2005-09-13,V12,Esp0430
BoisLarge,P2,2005-09-13,V12,Esp0433
BoisLarge,P5,2005-09-13,V12,Esp0440
BoisLarge,P5,2005-09-13,V12,Esp0442
BoisLarge,P1,2005-09-13,V12,Esp0444
BoisLarge,P1,2005-09-13,V12,Esp0445
BoisLarge,P7,2005-09-13,V12,Esp0450
BoisLarge,P1,2005-09-13,V12,Esp0451
BoisLarge,P5,2005-09-13,V12,Esp0452
BoisLarge,P3,2005-09-13,V12,Esp0453
BoisLarge,P5,2005-09-13,V12,Esp0463
BoisLarge,P2,2005-09-13,V12,Esp0473
BoisLarge,P1,2005-09-13,V12,Esp0474
BoisLarge,P1,2005-09-13,V12,Esp0476
BoisLarge,P4,2005-09-13,V12,Esp0477
BoisLarge,P1,2005-09-13,V12,Esp0481
BoisLarge,P3,2005-09-13,V12,Esp0482
BoisLarge,P2,2005-09-13,V12,Esp0483
BoisLarge,P7,2005-09-13,V12,Esp0486
BoisLarge,P2,2005-09-14,V13,Esp0005
BoisLarge,P2,2005-09-14,V13,Esp0040
BoisLarge,P5,2005-09-14,V13,Esp0047
BoisLarge,P7,2005-09-14,V13,Esp0146
BoisLarge,P4,2005-09-14,V13,Esp0162
BoisLarge,P1,2005-09-14,V13,Esp0172
BoisLarge,P1,2005-09-14,V13,Esp0206
BoisLarge,P6,2005-09-14,V13,Esp0222
BoisLarge,P1,2005-09-14,V13,Esp0228
BoisLarge,P4,2005-09-14,V13,Esp0234
BoisLarge,P6,2005-09-14,V13,Esp0239
BoisLarge,P2,2005-09-14,V13,Esp0242
BoisLarge,P5,2005-09-14,V13,Esp0286
BoisLarge,P7,2005-09-14,V13,Esp0290
BoisLarge,P4,2005-09-14,V13,Esp0292
BoisLarge,P3,2005-09-14,V13,Esp0294
BoisLarge,P7,2005-09-14,V13,Esp0308
BoisLarge,P5,2005-09-14,V13,Esp0321
BoisLarge,P1,2005-09-14,V13,Esp0325
BoisLarge,P6,2005-09-14,V13,Esp0333
BoisLarge,P7,2005-09-14,V13,Esp0334
BoisLarge,P2,2005-09-14,V13,Esp0354
BoisLarge,P7,2005-09-14,V13,Esp0355
BoisLarge,P7,2005-09-14,V13,Esp0374
BoisLarge,P1,2005-09-14,V13,Esp0379
BoisLarge,P6,2005-09-14,V13,Esp0381
BoisLarge,P2,2005-09-14,V13,Esp0393
BoisLarge,P2,2005-09-14,V13,Esp0396
BoisLarge,P3,2005-09-14,V13,Esp0399
BoisLarge,P4,2005-09-14,V13,Esp0418
BoisLarge,P1,2005-09-14,V13,Esp0421
BoisLarge,P7,2005-09-14,V13,Esp0423
BoisLarge,P2,2005-09-14,V13,Esp0426
BoisLarge,P4,2005-09-14,V13,Esp0429
BoisLarge,P3,2005-09-14,V13,Esp0431
BoisLarge,P3,2005-09-14,V13,Esp0436
BoisLarge,P3,2005-09-14,V13,Esp0440
BoisLarge,P7,2005-09-14,V13,Esp0442
BoisLarge,P6,2005-09-14,V13,Esp0447
BoisLarge,P5,2005-09-14,V13,Esp0453
BoisLarge,P5,2005-09-14,V13,Esp0454
BoisLarge,P2,2005-09-14,V13,Esp0457
BoisLarge,P2,2005-09-14,V13,Esp0465
BoisLarge,P3,2005-09-14,V13,Esp0466
BoisLarge,P2,2005-09-14,V13,Esp0467
BoisLarge,P7,2005-09-14,V13,Esp0469
BoisLarge,P2,2005-09-14,V13,Esp0475
BoisLarge,P2,2005-09-14,V13,Esp0479
BoisLarge,P1,2005-09-14,V13,Esp0480
BoisLarge,P2,2005-09-14,V13,Esp0481
BoisLarge,P4,2005-09-14,V13,Esp0482
BoisLarge,P2,2005-09-14,V13,Esp0483
BoisLarge,P1,2005-09-14,V13,Esp0486
BoisLarge,P1,2005-09-16,V14,Esp0003
BoisLarge,P5,2005-09-16,V14,Esp0028
BoisLarge,P2,2005-09-16,V14,Esp0059
BoisLarge,P5,2005-09-16,V14,Esp0116
BoisLarge,P4,2005-09-16,V14,Esp0163
BoisLarge,P3,2005-09-16,V14,Esp0207
BoisLarge,P4,2005-09-16,V14,Esp0209
BoisLarge,P3,2005-09-16,V14,Esp0243
BoisLarge,P1,2005-09-16,V14,Esp0254
BoisLarge,P1,2005-09-16,V14,Esp0284
BoisLarge,P4,2005-09-16,V14,Esp0288
BoisLarge,P2,2005-09-16,V14,Esp0295
BoisLarge,P3,2005-09-16,V14,Esp0334
BoisLarge,P7,2005-09-16,V14,Esp0347
BoisLarge,P3,2005-09-16,V14,Esp0348
BoisLarge,P2,2005-09-16,V14,Esp0383
BoisLarge,P7,2005-09-16,V14,Esp0389
BoisLarge,P4,2005-09-16,V14,Esp0392
BoisLarge,P2,2005-09-16,V14,Esp0401
BoisLarge,P6,2005-09-16,V14,Esp0403
BoisLarge,P4,2005-09-16,V14,Esp0405
BoisLarge,P1,2005-09-16,V14,Esp0407
BoisLarge,P1,2005-09-16,V14,Esp0414
BoisLarge,P7,2005-09-16,V14,Esp0416
BoisLarge,P4,2005-09-16,V14,Esp0420
BoisLarge,P2,2005-09-16,V14,Esp0427
BoisLarge,P5,2005-09-16,V14,Esp0428
BoisLarge,P1,2005-09-16,V14,Esp0431
BoisLarge,P1,2005-09-16,V14,Esp0434
BoisLarge,P7,2005-09-16,V14,Esp0436
BoisLarge,P6,2005-09-16,V14,Esp0439
BoisLarge,P5,2005-09-16,V14,Esp0446
BoisLarge,P6,2005-09-16,V14,Esp0448
BoisLarge,P3,2005-09-16,V14,Esp0449
BoisLarge,P2,2005-09-16,V14,Esp0455
BoisLarge,P2,2005-09-16,V14,Esp0457
BoisLarge,P6,2005-09-16,V14,Esp0459
BoisLarge,P2,2005-09-16,V14,Esp0460
BoisLarge,P4,2005-09-16,V14,Esp0462
BoisLarge,P3,2005-09-16,V14,Esp0463
BoisLarge,P2,2005-09-16,V14,Esp0472
BoisLarge,P7,2005-09-16,V14,Esp0473
BoisLarge,P7,2005-09-16,V14,Esp0477
BoisLarge,P2,2005-09-16,V14,Esp0479
BoisLarge,P4,2005-09-16,V14,Esp0480
BoisLarge,P6,2005-09-16,V14,Esp0483
BoisLarge,P2,2005-09-16,V14,Esp0484
BoisLarge,P1,2005-09-16,V14,Esp0485
BoisLarge,P6,2005-09-16,V14,Esp0486
BoisLarge,P3,2005-09-18,V15,Esp0051
BoisLarge,P6,2005-09-18,V15,Esp0057
BoisLarge,P5,2005-09-18,V15,Esp0087
BoisLarge,P1,2005-09-18,V15,Esp0114
BoisLarge,P2,2005-09-18,V15,Esp0153
BoisLarge,P1,2005-09-18,V15,Esp0173
BoisLarge,P2,2005-09-18,V15,Esp0175
BoisLarge,P6,2005-09-18,V15,Esp0190
BoisLarge,P2,2005-09-18,V15,Esp0192
BoisLarge,P7,2005-09-18,V15,Esp0219
BoisLarge,P1,2005-09-18,V15,Esp0222
BoisLarge,P5,2005-09-18,V15,Esp0224
BoisLarge,P7,2005-09-18,V15,Esp0240
BoisLarge,P5,2005-09-18,V15,Esp0243
BoisLarge,P1,2005-09-18,V15,Esp0245
BoisLarge,P2,2005-09-18,V15,Esp0257
BoisLarge,P6,2005-09-18,V15,Esp0281
BoisLarge,P2,2005-09-18,V15,Esp0290
BoisLarge,P6,2005-09-18,V15,Esp0309
BoisLarge,P5,2005-09-18,V15,Esp0322
BoisLarge,P2,2005-09-18,V15,Esp0357
BoisLarge,P6,2005-09-18,V15,Esp0358
BoisLarge,P3,2005-09-18,V15,Esp0359
BoisLarge,P7,2005-09-18,V15,Esp0364
BoisLarge,P2,2005-09-18,V15,Esp0381
BoisLarge,P3,2005-09-18,V15,Esp0388
BoisLarge,P5,2005-09-18,V15,Esp0390
BoisLarge,P1,2005-09-18,V15,Esp0394
BoisLarge,P6,2005-09-18,V15,Esp0396
BoisLarge,P1,2005-09-18,V15,Esp0397
BoisLarge,P4,2005-09-18,V15,Esp0398
BoisLarge,P4,2005-09-18,V15,Esp0404
BoisLarge,P6,2005-09-18,V15,Esp0405
BoisLarge,P7,2005-09-18,V15,Esp0408
BoisLarge,P1,2005-09-18,V15,Esp0412
BoisLarge,P6,2005-09-18,V15,Esp0418
BoisLarge,P3,2005-09-18,V15,Esp0419
BoisLarge,P3,2005-09-18,V15,Esp0420
BoisLarge,P4,2005-09-18,V15,Esp0421
BoisLarge,P3,2005-09-18,V15,Esp0426
BoisLarge,P2,2005-09-18,V15,Esp0433
BoisLarge,P5,2005-09-18,V15,Esp0435
BoisLarge,P5,2005-09-18,V15,Esp0439
BoisLarge,P4,2005-09-18,V15,Esp0442
BoisLarge,P5,2005-09-18,V15,Esp0449
BoisLarge,P4,2005-09-18,V15,Esp0450
BoisLarge,P4,2005-09-18,V15,Esp0453
BoisLarge,P1,2005-09-18,V15,Esp0460
BoisLarge,P2,2005-09-18,V15,Esp0461
BoisLarge,P3,2005-09-18,V15,Esp0464
BoisLarge,P3,2005-09-18,V15,Esp0469
BoisLarge,P5,2005-09-18,V15,Esp0470
BoisLarge,P2,2005-09-18,V15,Esp0472
BoisLarge,P3,2005-09-18,V15,Esp0475
BoisLarge,P7,2005-09-18,V15,Esp0478
BoisLarge,P4,2005-09-18,V15,Esp0479
BoisLarge,P4,2005-09-18,V15,Esp0481
BoisLarge,P5,2005-09-18,V15,Esp0482
BoisLarge,P4,2005-09-18,V15,Esp0483
BoisLarge,P2,2005-09-18,V15,Esp0484
BoisLarge,P6,2005-09-18,V15,Esp0485
BoisLarge,P1,2005-09-18,V15,Esp0486
BoisLarge,P1,2005-09-20,V16,Esp0034
BoisLarge,P7,2005-09-20,V16,Esp0052
BoisLarge,P1,2005-09-20,V16,Esp0070
BoisLarge,P1,2005-09-20,V16,Esp0124
BoisLarge,P2,2005-09-20,V16,Esp0155
BoisLarge,P6,2005-09-20,V16,Esp0158
BoisLarge,P5,2005-09-20,V16,Esp0179
BoisLarge,P2,2005-09-20,V16,Esp0182
BoisLarge,P2,2005-09-20,V16,Esp0187
BoisLarge,P6,2005-09-20,V16,Esp0202
BoisLarge,P5,2005-09-20,V16,Esp0215
BoisLarge,P1,2005-09-20,V16,Esp0217
BoisLarge,P3,2005-09-20,V16,Esp0229
BoisLarge,P7,2005-09-20,V16,Esp0232
BoisLarge,P3,2005-09-20,V16,Esp0258
BoisLarge,P3,2005-09-20,V16,Esp0279
BoisLarge,P6,2005-09-20,V16,Esp0291
BoisLarge,P5,2005-09-20,V16,Esp0304
BoisLarge,P5,2005-09-20,V16,Esp0330
BoisLarge,P6,2005-09-20,V16,Esp0336
BoisLarge,P1,2005-09-20,V16,Esp0354
BoisLarge,P3,2005-09-20,V16,Esp0358
BoisLarge,P3,2005-09-20,V16,Esp0382
BoisLarge,P4,2005-09-20,V16,Esp0388
BoisLarge,P2,2005-09-20,V16,Esp0394
BoisLarge,P4,2005-09-20,V16,Esp0405
BoisLarge,P2,2005-09-20,V16,Esp0414
BoisLarge,P3,2005-09-20,V16,Esp0421
BoisLarge,P2,2005-09-20,V16,Esp0425
BoisLarge,P6,2005-09-20,V16,Esp0438
BoisLarge,P1,2005-09-20,V16,Esp0444
BoisLarge,P3,2005-09-20,V16,Esp0456
BoisLarge,P3,2005-09-20,V16,Esp0457
BoisLarge,P3,2005-09-20,V16,Esp0460
BoisLarge,P5,2005-09-20,V16,Esp0462
BoisLarge,P1,2005-09-20,V16,Esp0468
BoisLarge,P6,2005-09-20,V16,Esp0471
BoisLarge,P6,2005-09-20,V16,Esp0472
BoisLarge,P5,2005-09-20,V16,Esp0474
BoisLarge,P3,2005-09-20,V16,Esp0475
BoisLarge,P6,2005-09-20,V16,Esp0476
BoisLarge,P3,2005-09-20,V16,Esp0478
BoisLarge,P7,2005-09-20,V16,Esp0479
BoisLarge,P5,2005-09-20,V16,Esp0482
BoisLarge,P3,2005-09-20,V16,Esp0483
BoisLarge,P3,2005-09-20,V16,Esp0484
BoisLarge,P6,2005-09-20,V16,Esp0485
BoisLarge,P5,2005-09-20,V16,Esp0486
BoisLarge,P1,2005-09-26,V17,Esp0021
BoisLarge,P2,2005-09-26,V17,Esp0050
BoisLarge,P2,2005-09-26,V17,Esp0055
BoisLarge,P6,2005-09-26,V17,Esp0066
BoisLarge,P7,2005-09-26,V17,Esp0096
BoisLarge,P1,2005-09-26,V17,Esp0138
BoisLarge,P6,2005-09-26,V17,Esp0181
BoisLarge,P4,2005-09-26,V17,Esp0209
BoisLarge,P7,2005-09-26,V17,Esp0225
BoisLarge,P5,2005-09-26,V17,Esp0253
BoisLarge,P6,2005-09-26,V17,Esp0271
BoisLarge,P4,2005-09-26,V17,Esp0275
BoisLarge,P1,2005-09-26,V17,Esp0277
BoisLarge,P4,2005-09-26,V17,Esp0283
BoisLarge,P4,2005-09-26,V17,Esp0297
BoisLarge,P3,2005-09-26,V17,Esp0305
BoisLarge,P5,2005-09-26,V17,Esp0315
BoisLarge,P3,2005-09-26,V17,Esp0320
BoisLarge,P4,2005-09-26,V17,Esp0331
BoisLarge,P2,2005-09-26,V17,Esp0338
BoisLarge,P6,2005-09-26,V17,Esp0348
BoisLarge,P2,2005-09-26,V17,Esp0349
BoisLarge,P6,2005-09-26,V17,Esp0352
BoisLarge,P4,2005-09-26,V17,Esp0355
BoisLarge,P5,2005-09-26,V17,Esp0357
BoisLarge,P5,2005-09-26,V17,Esp0359
BoisLarge,P2,2005-09-26,V17,Esp0373
BoisLarge,P1,2005-09-26,V17,Esp0374
BoisLarge,P3,2005-09-26,V17,Esp0377
BoisLarge,P5,2005-09-26,V17,Esp0381
BoisLarge,P2,2005-09-26,V17,Esp0382
BoisLarge,P6,2005-09-26,V17,Esp0387
BoisLarge,P4,2005-09-26,V17,Esp0388
BoisLarge,P5,2005-09-26,V17,Esp0399
BoisLarge,P2,2005-09-26,V17,Esp0400
BoisLarge,P4,2005-09-26,V17,Esp0403
BoisLarge,P1,2005-09-26,V17,Esp0409
BoisLarge,P5,2005-09-26,V17,Esp0411
BoisLarge,P7,2005-09-26,V17,Esp0413
BoisLarge,P2,2005-09-26,V17,Esp0416
BoisLarge,P5,2005-09-26,V17,Esp0425
BoisLarge,P6,2005-09-26,V17,Esp0428
BoisLarge,P5,2005-09-26,V17,Esp0431
BoisLarge,P1,2005-09-26,V17,Esp0432
BoisLarge,P6,2005-09-26,V17,Esp0437
BoisLarge,P3,2005-09-26,V17,Esp0444
BoisLarge,P3,2005-09-26,V17,Esp0448
BoisLarge,P7,2005-09-26,V17,Esp0450
BoisLarge,P6,2005-09-26,V17,Esp0452
BoisLarge,P4,2005-09-26,V17,Esp0454
BoisLarge,P1,2005-09-26,V17,Esp0456
BoisLarge,P3,2005-09-26,V17,Esp0458
BoisLarge,P5,2005-09-26,V17,Esp0459
BoisLarge,P5,2005-09-26,V17,Esp0464
BoisLarge,P2,2005-09-26,V17,Esp0465
BoisLarge,P3,2005-09-26,V17,Esp0468
BoisLarge,P1,2005-09-26,V17,Esp0470
BoisLarge,P4,2005-09-26,V17,Esp0473
BoisLarge,P1,2005-09-26,V17,Esp0474
BoisLarge,P5,2005-09-26,V17,Esp0482
BoisLarge,P7,2005-09-26,V17,Esp0484
BoisLarge,P7,2005-09-29,V18,Esp0038
BoisLarge,P6,2005-09-29,V18,Esp0039
BoisLarge,P2,2005-09-29,V18,Esp0102
BoisLarge,P6,2005-09-29,V18,Esp0159
BoisLarge,P1,2005-09-29,V18,Esp0176
BoisLarge,P1,2005-09-29,V18,Esp0211
BoisLarge,P7,2005-09-29,V18,Esp0231
BoisLarge,P2,2005-09-29,V18,Esp0238
BoisLarge,P7,2005-09-29,V18,Esp0244
BoisLarge,P1,2005-09-29,V18,Esp0246
BoisLarge,P7,2005-09-29,V18,Esp0261
BoisLarge,P4,2005-09-29,V18,Esp0285
BoisLarge,P3,2005-09-29,V18,Esp0305
BoisLarge,P3,2005-09-29,V18,Esp0310
BoisLarge,P4,2005-09-29,V18,Esp0311
BoisLarge,P1,2005-09-29,V18,Esp0317
BoisLarge,P7,2005-09-29,V18,Esp0334
BoisLarge,P6,2005-09-29,V18,Esp0339
BoisLarge,P6,2005-09-29,V18,Esp0353
BoisLarge,P1,2005-09-29,V18,Esp0362
BoisLarge,P3,2005-09-29,V18,Esp0363
BoisLarge,P7,2005-09-29,V18,Esp0366
BoisLarge,P6,2005-09-29,V18,Esp0380
BoisLarge,P5,2005-09-29,V18,Esp0382
BoisLarge,P5,2005-09-29,V18,Esp0385
BoisLarge,P2,2005-09-29,V18,Esp0391
BoisLarge,P1,2005-09-29,V18,Esp0397
BoisLarge,P3,2005-09-29,V18,Esp0407
BoisLarge,P2,2005-09-29,V18,Esp0408
BoisLarge,P7,2005-09-29,V18,Esp0413
BoisLarge,P3,2005-09-29,V18,Esp0423
BoisLarge,P2,2005-09-29,V18,Esp0424
BoisLarge,P5,2005-09-29,V18,Esp0426
BoisLarge,P7,2005-09-29,V18,Esp0434
BoisLarge,P6,2005-09-29,V18,Esp0442
BoisLarge,P7,2005-09-29,V18,Esp0452
BoisLarge,P4,2005-09-29,V18,Esp0458
BoisLarge,P6,2005-09-29,V18,Esp0460
BoisLarge,P1,2005-09-29,V18,Esp0463
BoisLarge,P5,2005-09-29,V18,Esp0467
BoisLarge,P4,2005-09-29,V18,Esp0468
BoisLarge,P2,2005-09-29,V18,Esp0470
BoisLarge,P4,2005-09-29,V18,Esp0472
BoisLarge,P6,2005-09-29,V18,Esp0473
BoisLarge,P3,2005-09-29,V18,Esp0474
BoisLarge,P2,2005-09-29,V18,Esp0476
BoisLarge,P5,2005-09-29,V18,Esp0477
BoisLarge,P1,2005-09-29,V18,Esp0478
BoisLarge,P5,2005-09-29,V18,Esp0480
BoisLarge,P7,2005-09-29,V18,Esp0482
BoisLarge,P6,2005-09-29,V18,Esp0483
BoisLarge,P1,2005-09-29,V18,Esp0485
BoisLarge,P1,2005-09-30,V19,Esp0009
BoisLarge,P3,2005-09-30,V19,Esp0037
BoisLarge,P4,2005-09-30,V19,Esp0088
BoisLarge,P2,2005-09-30,V19,Esp0091
BoisLarge,P7,2005-09-30,V19,Esp0101
BoisLarge,P1,2005-09-30,V19,Esp0152
BoisLarge,P4,2005-09-30,V19,Esp0183
BoisLarge,P7,2005-09-30,V19,Esp0185
BoisLarge,P4,2005-09-30,V19,Esp0189
BoisLarge,P6,2005-09-30,V19,Esp0212
BoisLarge,P7,2005-09-30,V19,Esp0213
BoisLarge,P7,2005-09-30,V19,Esp0241
BoisLarge,P4,2005-09-30,V19,Esp0252
BoisLarge,P3,2005-09-30,V19,Esp0264
BoisLarge,P2,2005-09-30,V19,Esp0273
BoisLarge,P2,2005-09-30,V19,Esp0292
BoisLarge,P7,2005-09-30,V19,Esp0295
BoisLarge,P7,2005-09-30,V19,Esp0301
BoisLarge,P2,2005-09-30,V19,Esp0307
BoisLarge,P1,2005-09-30,V19,Esp0313
BoisLarge,P3,2005-09-30,V19,Esp0319
BoisLarge,P1,2005-09-30,V19,Esp0335
BoisLarge,P2,2005-09-30,V19,Esp0340
BoisLarge,P7,2005-09-30,V19,Esp0345
BoisLarge,P5,2005-09-30,V19,Esp0346
BoisLarge,P1,2005-09-30,V19,Esp0364
BoisLarge,P3,2005-09-30,V19,Esp0367
BoisLarge,P3,2005-09-30,V19,Esp0374
BoisLarge,P6,2005-09-30,V19,Esp0377
BoisLarge,P2,2005-09-30,V19,Esp0378
BoisLarge,P4,2005-09-30,V19,Esp0385
BoisLarge,P2,2005-09-30,V19,Esp0386
BoisLarge,P7,2005-09-30,V19,Esp0397
BoisLarge,P3,2005-09-30,V19,Esp0400
BoisLarge,P6,2005-09-30,V19,Esp0408
BoisLarge,P3,2005-09-30,V19,Esp0413
BoisLarge,P4,2005-09-30,V19,Esp0419
BoisLarge,P3,2005-09-30,V19,Esp0424
BoisLarge,P3,2005-09-30,V19,Esp0431
BoisLarge,P5,2005-09-30,V19,Esp0432
BoisLarge,P4,2005-09-30,V19,Esp0433
BoisLarge,P2,2005-09-30,V19,Esp0437
BoisLarge,P2,2005-09-30,V19,Esp0443
BoisLarge,P4,2005-09-30,V19,Esp0445
BoisLarge,P3,2005-09-30,V19,Esp0446
BoisLarge,P2,2005-09-30,V19,Esp0452
BoisLarge,P4,2005-09-30,V19,Esp0453
BoisLarge,P1,2005-09-30,V19,Esp0455
BoisLarge,P1,2005-09-30,V19,Esp0459
BoisLarge,P2,2005-09-30,V19,Esp0460
BoisLarge,P1,2005-09-30,V19,Esp0462
BoisLarge,P6,2005-09-30,V19,Esp0464
BoisLarge,P2,2005-09-30,V19,Esp0465
BoisLarge,P7,2005-09-30,V19,Esp0466
BoisLarge,P5,2005-09-30,V19,Esp0470
BoisLarge,P6,2005-09-30,V19,Esp0471
BoisLarge,P1,2005-09-30,V19,Esp0474
BoisLarge,P6,2005-09-30,V19,Esp0475
BoisLarge,P3,2005-09-30,V19,Esp0476
BoisLarge,P4,2005-09-30,V19,Esp0479
BoisLarge,P7,2005-09-30,V19,Esp0482
BoisLarge,P7,2005-09-30,V19,Esp0484
BoisLarge,P1,2005-09-30,V19,Esp0485
BoisLarge,P6,2005-09-30,V19,Esp0486
BoisLarge,P2,2005-10-01,V20,Esp0018
BoisLarge,P4,2005-10-01,V20,Esp0024
BoisLarge,P3,2005-10-01,V20,Esp0032
BoisLarge,P4,2005-10-01,V20,Esp0060
BoisLarge,P6,2005-10-01,V20,Esp0089
BoisLarge,P2,2005-10-01,V20,Esp0130
BoisLarge,P5,2005-10-01,V20,Esp0137
BoisLarge,P6,2005-10-01,V20,Esp0157
BoisLarge,P4,2005-10-01,V20,Esp0177
BoisLarge,P3,2005-10-01,V20,Esp0205
BoisLarge,P1,2005-10-01,V20,Esp0228
BoisLarge,P5,2005-10-01,V20,Esp0255
BoisLarge,P6,2005-10-01,V20,Esp0267
BoisLarge,P3,2005-10-01,V20,Esp0284
BoisLarge,P4,2005-10-01,V20,Esp0296
BoisLarge,P5,2005-10-01,V20,Esp0345
BoisLarge,P7,2005-10-01,V20,Esp0350
BoisLarge,P2,2005-10-01,V20,Esp0352
BoisLarge,P4,2005-10-01,V20,Esp0354
BoisLarge,P3,2005-10-01,V20,Esp0362
BoisLarge,P4,2005-10-01,V20,Esp0365
BoisLarge,P5,2005-10-01,V20,Esp0376
BoisLarge,P2,2005-10-01,V20,Esp0378
BoisLarge,P3,2005-10-01,V20,Esp0392
BoisLarge,P5,2005-10-01,V20,Esp0394
BoisLarge,P6,2005-10-01,V20,Esp0404
BoisLarge,P7,2005-10-01,V20,Esp0405
BoisLarge,P1,2005-10-01,V20,Esp0406
BoisLarge,P7,2005-10-01,V20,Esp0409
BoisLarge,P3,2005-10-01,V20,Esp0411
BoisLarge,P5,2005-10-01,V20,Esp0413
BoisLarge,P7,2005-10-01,V20,Esp0419
BoisLarge,P3,2005-10-01,V20,Esp0429
BoisLarge,P2,2005-10-01,V20,Esp0431
BoisLarge,P1,2005-10-01,V20,Esp0435
BoisLarge,P2,2005-10-01,V20,Esp0441
BoisLarge,P4,2005-10-01,V20,Esp0444
BoisLarge,P4,2005-10-01,V20,Esp0447
BoisLarge,P7,2005-10-01,V20,Esp0454
BoisLarge,P1,2005-10-01,V20,Esp0461
BoisLarge,P1,2005-10-01,V20,Esp0468
BoisLarge,P4,2005-10-01,V20,Esp0471
BoisLarge,P7,2005-10-01,V20,Esp0474
BoisLarge,P6,2005-10-01,V20,Esp0475
BoisLarge,P7,2005-10-01,V20,Esp0476
BoisLarge,P2,2005-10-01,V20,Esp0477
BoisLarge,P5,2005-10-01,V20,Esp0479
BoisLarge,P4,2005-10-01,V20,Esp0483
BoisLarge,P3,2005-10-01,V20,Esp0484
BoisLarge,P1,2005-10-01,V20,Esp0485
BoisLarge,P7,2005-10-01,V20,Esp0486
BoisLarge,P3,2005-10-03,V21,Esp0023
BoisLarge,P4,2005-10-03,V21,Esp0029
BoisLarge,P5,2005-10-03,V21,Esp0045
BoisLarge,P2,2005-10-03,V21,Esp0056
BoisLarge,P7,2005-10-03,V21,Esp0065
BoisLarge,P2,2005-10-03,V21,Esp0075
BoisLarge,P3,2005-10-03,V21,Esp0081
BoisLarge,P5,2005-10-03,V21,Esp0106
BoisLarge,P1,2005-10-03,V21,Esp0233
BoisLarge,P4,2005-10-03,V21,Esp0256
BoisLarge,P2,2005-10-03,V21,Esp0277
BoisLarge,P5,2005-10-03,V21,Esp0287
BoisLarge,P7,2005-10-03,V21,Esp0288
BoisLarge,P5,2005-10-03,V21,Esp0293
BoisLarge,P2,2005-10-03,V21,Esp0297
BoisLarge,P4,2005-10-03,V21,Esp0300
BoisLarge,P1,2005-10-03,V21,Esp0317
BoisLarge,P7,2005-10-03,V21,Esp0327
BoisLarge,P1,2005-10-03,V21,Esp0332
BoisLarge,P2,2005-10-03,V21,Esp0342
BoisLarge,P5,2005-10-03,V21,Esp0348
BoisLarge,P2,2005-10-03,V21,Esp0350
BoisLarge,P4,2005-10-03,V21,Esp0354
BoisLarge,P7,2005-10-03,V21,Esp0361
BoisLarge,P7,2005-10-03,V21,Esp0370
BoisLarge,P7,2005-10-03,V21,Esp0375
BoisLarge,P7,2005-10-03,V21,Esp0380
BoisLarge,P6,2005-10-03,V21,Esp0401
BoisLarge,P6,2005-10-03,V21,Esp0405
BoisLarge,P1,2005-10-03,V21,Esp0415
BoisLarge,P1,2005-10-03,V21,Esp0418
BoisLarge,P5,2005-10-03,V21,Esp0421
BoisLarge,P3,2005-10-03,V21,Esp0436
BoisLarge,P2,2005-10-03,V21,Esp0439
BoisLarge,P2,2005-10-03,V21,Esp0441
BoisLarge,P6,2005-10-03,V21,Esp0442
BoisLarge,P3,2005-10-03,V21,Esp0448
BoisLarge,P2,2005-10-03,V21,Esp0449
BoisLarge,P4,2005-10-03,V21,Esp0451
BoisLarge,P6,2005-10-03,V21,Esp0458
BoisLarge,P1,2005-10-03,V21,Esp0461
BoisLarge,P1,2005-10-03,V21,Esp0463
BoisLarge,P4,2005-10-03,V21,Esp0465
BoisLarge,P6,2005-10-03,V21,Esp0466
BoisLarge,P4,2005-10-03,V21,Esp0472
BoisLarge,P6,2005-10-03,V21,Esp0475
BoisLarge,P3,2005-10-03,V21,Esp0478
BoisLarge,P5,2005-10-03,V21,Esp0480
BoisLarge,P2,2005-10-03,V21,Esp0481
BoisLarge,P3,2005-10-03,V21,Esp0482
BoisLarge,P6,2005-10-03,V21,Esp0484
BoisLarge,P2,2005-10-03,V21,Esp0485
BoisLarge,P4,2005-10-03,V21,Esp0486
BoisLarge,P2,2005-10-05,V22,Esp0030
BoisLarge,P5,2005-10-05,V22,Esp0069
BoisLarge,P2,2005-10-05,V22,Esp0093
BoisLarge,P7,2005-10-05,V22,Esp0129
BoisLarge,P7,2005-10-05,V22,Esp0144
BoisLarge,P6,2005-10-05,V22,Esp0151
BoisLarge,P2,2005-10-05,V22,Esp0166
BoisLarge,P6,2005-10-05,V22,Esp0180
BoisLarge,P1,2005-10-05,V22,Esp0194
BoisLarge,P5,2005-10-05,V22,Esp0221
BoisLarge,P3,2005-10-05,V22,Esp0223
BoisLarge,P6,2005-10-05,V22,Esp0238
BoisLarge,P5,2005-10-05,V22,Esp0278
BoisLarge,P7,2005-10-05,V22,Esp0298
BoisLarge,P2,2005-10-05,V22,Esp0316
BoisLarge,P3,2005-10-05,V22,Esp0331
BoisLarge,P2,2005-10-05,V22,Esp0340
BoisLarge,P5,2005-10-05,V22,Esp0341
BoisLarge,P3,2005-10-05,V22,Esp0351
BoisLarge,P2,2005-10-05,V22,Esp0373
BoisLarge,P3,2005-10-05,V22,Esp0386
BoisLarge,P1,2005-10-05,V22,Esp0406
BoisLarge,P6,2005-10-05,V22,Esp0411
BoisLarge,P3,2005-10-05,V22,Esp0412
BoisLarge,P2,2005-10-05,V22,Esp0415
BoisLarge,P3,2005-10-05,V22,Esp0422
BoisLarge,P1,2005-10-05,V22,Esp0425
BoisLarge,P2,2005-10-05,V22,Esp0429
BoisLarge,P6,2005-10-05,V22,Esp0436
BoisLarge,P7,2005-10-05,V22,Esp0440
BoisLarge,P7,2005-10-05,V22,Esp0450
BoisLarge,P4,2005-10-05,V22,Esp0452
BoisLarge,P4,2005-10-05,V22,Esp0455
BoisLarge,P2,2005-10-05,V22,Esp0458
BoisLarge,P7,2005-10-05,V22,Esp0459
BoisLarge,P2,2005-10-05,V22,Esp0460
BoisLarge,P4,2005-10-05,V22,Esp0464
BoisLarge,P2,2005-10-05,V22,Esp0467
BoisLarge,P3,2005-10-05,V22,Esp0469
BoisLarge,P4,2005-10-05,V22,Esp0472
BoisLarge,P3,2005-10-05,V22,Esp0476
BoisLarge,P2,2005-10-05,V22,Esp0480
BoisLarge,P2,2005-10-05,V22,Esp0483
BoisLarge,P1,2005-10-05,V22,Esp0484
BoisLarge,P2,2005-10-05,V22,Esp0486
BoisLarge,P1,2005-10-07,V23,Esp0188
BoisLarge,P6,2005-10-07,V23,Esp0197
BoisLarge,P2,2005-10-07,V23,Esp0200
BoisLarge,P3,2005-10-07,V23,Esp0207
BoisLarge,P7,2005-10-07,V23,Esp0219
BoisLarge,P4,2005-10-07,V23,Esp0248
BoisLarge,P2,2005-10-07,V23,Esp0250
BoisLarge,P3,2005-10-07,V23,Esp0276
BoisLarge,P1,2005-10-07,V23,Esp0278
BoisLarge,P5,2005-10-07,V23,Esp0290
BoisLarge,P2,2005-10-07,V23,Esp0296
BoisLarge,P7,2005-10-07,V23,Esp0337
BoisLarge,P3,2005-10-07,V23,Esp0338
BoisLarge,P6,2005-10-07,V23,Esp0348
BoisLarge,P6,2005-10-07,V23,Esp0360
BoisLarge,P7,2005-10-07,V23,Esp0364
BoisLarge,P7,2005-10-07,V23,Esp0385
BoisLarge,P4,2005-10-07,V23,Esp0387
BoisLarge,P2,2005-10-07,V23,Esp0395
BoisLarge,P3,2005-10-07,V23,Esp0407
BoisLarge,P4,2005-10-07,V23,Esp0410
BoisLarge,P7,2005-10-07,V23,Esp0412
BoisLarge,P2,2005-10-07,V23,Esp0417
BoisLarge,P7,2005-10-07,V23,Esp0420
BoisLarge,P7,2005-10-07,V23,Esp0429
BoisLarge,P7,2005-10-07,V23,Esp0430
BoisLarge,P7,2005-10-07,V23,Esp0434
BoisLarge,P2,2005-10-07,V23,Esp0436
BoisLarge,P3,2005-10-07,V23,Esp0437
BoisLarge,P5,2005-10-07,V23,Esp0439
BoisLarge,P1,2005-10-07,V23,Esp0442
BoisLarge,P6,2005-10-07,V23,Esp0445
BoisLarge,P1,2005-10-07,V23,Esp0453
BoisLarge,P1,2005-10-07,V23,Esp0457
BoisLarge,P4,2005-10-07,V23,Esp0459
BoisLarge,P5,2005-10-07,V23,Esp0460
BoisLarge,P6,2005-10-07,V23,Esp0464
BoisLarge,P2,2005-10-07,V23,Esp0465
BoisLarge,P3,2005-10-07,V23,Esp0466
BoisLarge,P5,2005-10-07,V23,Esp0467
BoisLarge,P2,2005-10-07,V23,Esp0469
BoisLarge,P2,2005-10-07,V23,Esp0471
BoisLarge,P3,2005-10-07,V23,Esp0472
BoisLarge,P1,2005-10-07,V23,Esp0473
BoisLarge,P2,2005-10-07,V23,Esp0474
BoisLarge,P6,2005-10-07,V23,Esp0478
BoisLarge,P6,2005-10-07,V23,Esp0479
BoisLarge,P5,2005-10-07,V23,Esp0482
BoisLarge,P7,2005-10-08,V24,Esp0026
BoisLarge,P2,2005-10-08,V24,Esp0064
BoisLarge,P1,2005-10-08,V24,Esp0071
BoisLarge,P2,2005-10-08,V24,Esp0090
BoisLarge,P5,2005-10-08,V24,Esp0105
BoisLarge,P5,2005-10-08,V24,Esp0191
BoisLarge,P2,2005-10-08,V24,Esp0206
BoisLarge,P3,2005-10-08,V24,Esp0210
BoisLarge,P7,2005-10-08,V24,Esp0227
BoisLarge,P1,2005-10-08,V24,Esp0235
BoisLarge,P4,2005-10-08,V24,Esp0264
BoisLarge,P7,2005-10-08,V24,Esp0274
BoisLarge,P1,2005-10-08,V24,Esp0311
BoisLarge,P3,2005-10-08,V24,Esp0313
BoisLarge,P7,2005-10-08,V24,Esp0315
BoisLarge,P4,2005-10-08,V24,Esp0324
BoisLarge,P7,2005-10-08,V24,Esp0327
BoisLarge,P2,2005-10-08,V24,Esp0328
BoisLarge,P4,2005-10-08,V24,Esp0344
BoisLarge,P3,2005-10-08,V24,Esp0345
BoisLarge,P5,2005-10-08,V24,Esp0356
BoisLarge,P3,2005-10-08,V24,Esp0371
BoisLarge,P2,2005-10-08,V24,Esp0377
BoisLarge,P2,2005-10-08,V24,Esp0381
BoisLarge,P2,2005-10-08,V24,Esp0383
BoisLarge,P7,2005-10-08,V24,Esp0391
BoisLarge,P4,2005-10-08,V24,Esp0393
BoisLarge,P4,2005-10-08,V24,Esp0400
BoisLarge,P4,2005-10-08,V24,Esp0401
BoisLarge,P1,2005-10-08,V24,Esp0404
BoisLarge,P1,2005-10-08,V24,Esp0422
BoisLarge,P6,2005-10-08,V24,Esp0424
BoisLarge,P1,2005-10-08,V24,Esp0426
BoisLarge,P7,2005-10-08,V24,Esp0427
BoisLarge,P4,2005-10-08,V24,Esp0428
BoisLarge,P4,2005-10-08,V24,Esp0430
BoisLarge,P4,2005-10-08,V24,Esp0440
BoisLarge,P7,2005-10-08,V24,Esp0446
BoisLarge,P6,2005-10-08,V24,Esp0450
BoisLarge,P1,2005-10-08,V24,Esp0453
BoisLarge,P1,2005-10-08,V24,Esp0455
BoisLarge,P5,2005-10-08,V24,Esp0456
BoisLarge,P7,2005-10-08,V24,Esp0457
BoisLarge,P7,2005-10-08,V24,Esp0461
BoisLarge,P3,2005-10-08,V24,Esp0462
BoisLarge,P2,2005-10-08,V24,Esp0466
BoisLarge,P3,2005-10-08,V24,Esp0470
BoisLarge,P7,2005-10-08,V24,Esp0472
BoisLarge,P1,2005-10-08,V24,Esp0473
BoisLarge,P7,2005-10-08,V24,Esp0474
BoisLarge,P7,2005-10-08,V24,Esp0484
BoisLarge,P6,2005-10-08,V24,Esp0486
BoisLarge,P1,2005-10-10,V25,Esp0001
BoisLarge,P5,2005-10-10,V25,Esp0083
BoisLarge,P3,2005-10-10,V25,Esp0104
BoisLarge,P1,2005-10-10,V25,Esp0141
BoisLarge,P7,2005-10-10,V25,Esp0164
BoisLarge,P4,2005-10-10,V25,Esp0214
BoisLarge,P7,2005-10-10,V25,Esp0226
BoisLarge,P2,2005-10-10,V25,Esp0266
BoisLarge,P3,2005-10-10,V25,Esp0281
BoisLarge,P3,2005-10-10,V25,Esp0285
BoisLarge,P2,2005-10-10,V25,Esp0302
BoisLarge,P1,2005-10-10,V25,Esp0303
BoisLarge,P6,2005-10-10,V25,Esp0335
BoisLarge,P2,2005-10-10,V25,Esp0336
BoisLarge,P1,2005-10-10,V25,Esp0337
BoisLarge,P4,2005-10-10,V25,Esp0342
BoisLarge,P6,2005-10-10,V25,Esp0364
BoisLarge,P2,2005-10-10,V25,Esp0371
BoisLarge,P3,2005-10-10,V25,Esp0385
BoisLarge,P1,2005-10-10,V25,Esp0392
BoisLarge,P1,2005-10-10,V25,Esp0396
BoisLarge,P2,2005-10-10,V25,Esp0399
BoisLarge,P7,2005-10-10,V25,Esp0411
BoisLarge,P7,2005-10-10,V25,Esp0417
BoisLarge,P6,2005-10-10,V25,Esp0419
BoisLarge,P7,2005-10-10,V25,Esp0421
BoisLarge,P2,2005-10-10,V25,Esp0439
BoisLarge,P3,2005-10-10,V25,Esp0443
BoisLarge,P5,2005-10-10,V25,Esp0445
BoisLarge,P1,2005-10-10,V25,Esp0448
BoisLarge,P6,2005-10-10,V25,Esp0454
BoisLarge,P3,2005-10-10,V25,Esp0455
BoisLarge,P6,2005-10-10,V25,Esp0456
BoisLarge,P1,2005-10-10,V25,Esp0458
BoisLarge,P5,2005-10-10,V25,Esp0459
BoisLarge,P3,2005-10-10,V25,Esp0462
BoisLarge,P1,2005-10-10,V25,Esp0467
BoisLarge,P6,2005-10-10,V25,Esp0475
BoisLarge,P4,2005-10-10,V25,Esp0476
BoisLarge,P3,2005-10-10,V25,Esp0477
BoisLarge,P6,2005-10-10,V25,Esp0478
BoisLarge,P5,2005-10-10,V25,Esp0479
BoisLarge,P1,2005-10-10,V25,Esp0480
BoisLarge,P7,2005-10-10,V25,Esp0481
BoisLarge,P7,2005-10-10,V25,Esp0482
BoisLarge,P2,2005-10-10,V25,Esp0483
BoisLarge,P2,2005-10-10,V25,Esp0484
BoisLarge,P1,2005-10-10,V25,Esp0485
BoisLarge,P4,2005-10-10,V25,Esp0486
BoisLarge,P6,2005-10-12,V26,Esp0058
BoisLarge,P3,2005-10-12,V26,Esp0061
BoisLarge,P6,2005-10-12,V26,Esp0086
BoisLarge,P1,2005-10-12,V26,Esp0099
BoisLarge,P4,2005-10-12,V26,Esp0100
BoisLarge,P3,2005-10-12,V26,Esp0108
BoisLarge,P1,2005-10-12,V26,Esp0193
BoisLarge,P1,2005-10-12,V26,Esp0258
BoisLarge,P4,2005-10-12,V26,Esp0265
BoisLarge,P2,2005-10-12,V26,Esp0273
BoisLarge,P5,2005-10-12,V26,Esp0283
BoisLarge,P2,2005-10-12,V26,Esp0284
BoisLarge,P3,2005-10-12,V26,Esp0292
BoisLarge,P1,2005-10-12,V26,Esp0294
BoisLarge,P6,2005-10-12,V26,Esp0303
BoisLarge,P6,2005-10-12,V26,Esp0318
BoisLarge,P3,2005-10-12,V26,Esp0327
BoisLarge,P1,2005-10-12,V26,Esp0336
BoisLarge,P7,2005-10-12,V26,Esp0337
BoisLarge,P3,2005-10-12,V26,Esp0339
BoisLarge,P6,2005-10-12,V26,Esp0353
BoisLarge,P1,2005-10-12,V26,Esp0356
BoisLarge,P6,2005-10-12,V26,Esp0357
BoisLarge,P7,2005-10-12,V26,Esp0360
BoisLarge,P5,2005-10-12,V26,Esp0368
BoisLarge,P2,2005-10-12,V26,Esp0372
BoisLarge,P3,2005-10-12,V26,Esp0379
BoisLarge,P1,2005-10-12,V26,Esp0380
BoisLarge,P2,2005-10-12,V26,Esp0384
BoisLarge,P7,2005-10-12,V26,Esp0395
BoisLarge,P1,2005-10-12,V26,Esp0409
BoisLarge,P1,2005-10-12,V26,Esp0417
BoisLarge,P3,2005-10-12,V26,Esp0422
BoisLarge,P6,2005-10-12,V26,Esp0426
BoisLarge,P6,2005-10-12,V26,Esp0433
BoisLarge,P3,2005-10-12,V26,Esp0435
BoisLarge,P7,2005-10-12,V26,Esp0439
BoisLarge,P3,2005-10-12,V26,Esp0445
BoisLarge,P2,2005-10-12,V26,Esp0451
BoisLarge,P5,2005-10-12,V26,Esp0454
BoisLarge,P6,2005-10-12,V26,Esp0464
BoisLarge,P2,2005-10-12,V26,Esp0467
BoisLarge,P7,2005-10-12,V26,Esp0468
BoisLarge,P5,2005-10-12,V26,Esp0469
BoisLarge,P7,2005-10-12,V26,Esp0470
BoisLarge,P3,2005-10-12,V26,Esp0474
BoisLarge,P5,2005-10-12,V26,Esp0475
BoisLarge,P7,2005-10-12,V26,Esp0476
BoisLarge,P4,2005-10-12,V26,Esp0479
BoisLarge,P3,2005-10-12,V26,Esp0483
BoisLarge,P5,2005-10-12,V26,Esp0485
BoisLarge,P3,2005-10-14,V27,Esp0082
BoisLarge,P4,2005-10-14,V27,Esp0085
BoisLarge,P4,2005-10-14,V27,Esp0098
BoisLarge,P6,2005-10-14,V27,Esp0142
BoisLarge,P3,2005-10-14,V27,Esp0202
BoisLarge,P7,2005-10-14,V27,Esp0224
BoisLarge,P2,2005-10-14,V27,Esp0249
BoisLarge,P4,2005-10-14,V27,Esp0251
BoisLarge,P2,2005-10-14,V27,Esp0262
BoisLarge,P7,2005-10-14,V27,Esp0281
BoisLarge,P4,2005-10-14,V27,Esp0282
BoisLarge,P7,2005-10-14,V27,Esp0299
BoisLarge,P3,2005-10-14,V27,Esp0310
BoisLarge,P7,2005-10-14,V27,Esp0329
BoisLarge,P3,2005-10-14,V27,Esp0344
BoisLarge,P5,2005-10-14,V27,Esp0347
BoisLarge,P5,2005-10-14,V27,Esp0360
BoisLarge,P3,2005-10-14,V27,Esp0371
BoisLarge,P6,2005-10-14,V27,Esp0379
BoisLarge,P7,2005-10-14,V27,Esp0402
BoisLarge,P2,2005-10-14,V27,Esp0406
BoisLarge,P2,2005-10-14,V27,Esp0410
BoisLarge,P6,2005-10-14,V27,Esp0415
BoisLarge,P6,2005-10-14,V27,Esp0418
BoisLarge,P4,2005-10-14,V27,Esp0419
BoisLarge,P6,2005-10-14,V27,Esp0420
BoisLarge,P2,2005-10-14,V27,Esp0428
BoisLarge,P1,2005-10-14,V27,Esp0429
BoisLarge,P2,2005-10-14,V27,Esp0433
BoisLarge,P3,2005-10-14,V27,Esp0438
BoisLarge,P7,2005-10-14,V27,Esp0447
BoisLarge,P3,2005-10-14,V27,Esp0449
BoisLarge,P1,2005-10-14,V27,Esp0452
BoisLarge,P5,2005-10-14,V27,Esp0454
BoisLarge,P7,2005-10-14,V27,Esp0455
BoisLarge,P6,2005-10-14,V27,Esp0457
BoisLarge,P5,2005-10-14,V27,Esp0458
BoisLarge,P6,2005-10-14,V27,Esp0464
BoisLarge,P2,2005-10-14,V27,Esp0466
BoisLarge,P2,2005-10-14,V27,Esp0467
BoisLarge,P5,2005-10-14,V27,Esp0470
BoisLarge,P6,2005-10-14,V27,Esp0472
BoisLarge,P2,2005-10-14,V27,Esp0476
BoisLarge,P2,2005-10-14,V27,Esp0478
BoisLarge,P7,2005-10-14,V27,Esp0480
BoisLarge,P3,2005-10-14,V27,Esp0481
BoisLarge,P4,2005-10-14,V27,Esp0483
BoisLarge,P6,2005-10-14,V27,Esp0484
BoisLarge,P7,2005-10-14,V27,Esp0485
BoisLarge,P2,2005-10-15,V28,Esp0068
BoisLarge,P6,2005-10-15,V28,Esp0239
BoisLarge,P6,2005-10-15,V28,Esp0241
BoisLarge,P5,2005-10-15,V28,Esp0244
BoisLarge,P6,2005-10-15,V28,Esp0255
BoisLarge,P3,2005-10-15,V28,Esp0262
BoisLarge,P5,2005-10-15,V28,Esp0265
BoisLarge,P6,2005-10-15,V28,Esp0282
BoisLarge,P6,2005-10-15,V28,Esp0300
BoisLarge,P6,2005-10-15,V28,Esp0303
BoisLarge,P6,2005-10-15,V28,Esp0311
BoisLarge,P6,2005-10-15,V28,Esp0330
BoisLarge,P2,2005-10-15,V28,Esp0333
BoisLarge,P4,2005-10-15,V28,Esp0343
BoisLarge,P3,2005-10-15,V28,Esp0346
BoisLarge,P2,2005-10-15,V28,Esp0355
BoisLarge,P6,2005-10-15,V28,Esp0361
BoisLarge,P3,2005-10-15,V28,Esp0366
BoisLarge,P7,2005-10-15,V28,Esp0370
BoisLarge,P5,2005-10-15,V28,Esp0375
BoisLarge,P4,2005-10-15,V28,Esp0382
BoisLarge,P2,2005-10-15,V28,Esp0383
BoisLarge,P3,2005-10-15,V28,Esp0384
BoisLarge,P3,2005-10-15,V28,Esp0396
BoisLarge,P3,2005-10-15,V28,Esp0413
BoisLarge,P1,2005-10-15,V28,Esp0417
BoisLarge,P4,2005-10-15,V28,Esp0428
BoisLarge,P2,2005-10-15,V28,Esp0433
BoisLarge,P3,2005-10-15,V28,Esp0434
BoisLarge,P3,2005-10-15,V28,Esp0435
BoisLarge,P1,2005-10-15,V28,Esp0437
BoisLarge,P1,2005-10-15,V28,Esp0439
BoisLarge,P5,2005-10-15,V28,Esp0443
BoisLarge,P6,2005-10-15,V28,Esp0444
BoisLarge,P3,2005-10-15,V28,Esp0445
BoisLarge,P4,2005-10-15,V28,Esp0446
BoisLarge,P1,2005-10-15,V28,Esp0448
BoisLarge,P7,2005-10-15,V28,Esp0449
BoisLarge,P3,2005-10-15,V28,Esp0451
BoisLarge,P2,2005-10-15,V28,Esp0452
BoisLarge,P3,2005-10-15,V28,Esp0459
BoisLarge,P4,2005-10-15,V28,Esp0461
BoisLarge,P3,2005-10-15,V28,Esp0463
BoisLarge,P6,2005-10-15,V28,Esp0465
BoisLarge,P6,2005-10-15,V28,Esp0466
BoisLarge,P4,2005-10-15,V28,Esp0467
BoisLarge,P7,2005-10-15,V28,Esp0468
BoisLarge,P4,2005-10-15,V28,Esp0471
BoisLarge,P1,2005-10-15,V28,Esp0473
BoisLarge,P4,2005-10-15,V28,Esp0475
BoisLarge,P7,2005-10-15,V28,Esp0477
BoisLarge,P4,2005-10-15,V28,Esp0478
BoisLarge,P4,2005-10-15,V28,Esp0480
BoisLarge,P4,2005-10-15,V28,Esp0483
BoisLarge,P7,2005-10-15,V28,Esp0484
BoisLarge,P3,2005-10-15,V28,Esp0485
BoisLarge,P7,2005-10-16,V29,Esp0011
BoisLarge,P2,2005-10-16,V29,Esp0017
BoisLarge,P5,2005-10-16,V29,Esp0074
BoisLarge,P1,2005-10-16,V29,Esp0076
BoisLarge,P5,2005-10-16,V29,Esp0077
BoisLarge,P2,2005-10-16,V29,Esp0103
BoisLarge,P6,2005-10-16,V29,Esp0117
BoisLarge,P1,2005-10-16,V29,Esp0150
BoisLarge,P6,2005-10-16,V29,Esp0198
BoisLarge,P4,2005-10-16,V29,Esp0199
BoisLarge,P1,2005-10-16,V29,Esp0201
BoisLarge,P1,2005-10-16,V29,Esp0211
BoisLarge,P5,2005-10-16,V29,Esp0233
BoisLarge,P4,2005-10-16,V29,Esp0270
BoisLarge,P2,2005-10-16,V29,Esp0291
BoisLarge,P2,2005-10-16,V29,Esp0323
BoisLarge,P4,2005-10-16,V29,Esp0336
BoisLarge,P3,2005-10-16,V29,Esp0341
BoisLarge,P1,2005-10-16,V29,Esp0343
BoisLarge,P5,2005-10-16,V29,Esp0361
BoisLarge,P7,2005-10-16,V29,Esp0362
BoisLarge,P1,2005-10-16,V29,Esp0368
BoisLarge,P7,2005-10-16,V29,Esp0369
BoisLarge,P1,2005-10-16,V29,Esp0377
BoisLarge,P7,2005-10-16,V29,Esp0387
BoisLarge,P6,2005-10-16,V29,Esp0389
BoisLarge,P1,2005-10-16,V29,Esp0398
BoisLarge,P7,2005-10-16,V29,Esp0401
BoisLarge,P3,2005-10-16,V29,Esp0406
BoisLarge,P2,2005-10-16,V29,Esp0414
BoisLarge,P6,2005-10-16,V29,Esp0415
BoisLarge,P7,2005-10-16,V29,Esp0416
BoisLarge,P1,2005-10-16,V29,Esp0419
BoisLarge,P2,2005-10-16,V29,Esp0427
BoisLarge,P3,2005-10-16,V29,Esp0433
BoisLarge,P1,2005-10-16,V29,Esp0434
BoisLarge,P6,2005-10-16,V29,Esp0435
BoisLarge,P6,2005-10-16,V29,Esp0437
BoisLarge,P1,2005-10-16,V29,Esp0438
BoisLarge,P2,2005-10-16,V29,Esp0443
BoisLarge,P3,2005-10-16,V29,Esp0444
BoisLarge,P1,2005-10-16,V29,Esp0446
BoisLarge,P2,2005-10-16,V29,Esp0448
BoisLarge,P5,2005-10-16,V29,Esp0450
BoisLarge,P2,2005-10-16,V29,Esp0451
BoisLarge,P7,2005-10-16,V29,Esp0452
BoisLarge,P5,2005-10-16,V29,Esp0454
BoisLarge,P7,2005-10-16,V29,Esp0455
BoisLarge,P4,2005-10-16,V29,Esp0456
BoisLarge,P2,2005-10-16,V29,Esp0461
BoisLarge,P2,2005-10-16,V29,Esp0466
BoisLarge,P6,2005-10-16,V29,Esp0468
BoisLarge,P7,2005-10-16,V29,Esp0469
BoisLarge,P6,2005-10-16,V29,Esp0470
BoisLarge,P5,2005-10-16,V29,Esp0478
BoisLarge,P7,2005-10-16,V29,Esp0479
BoisLarge,P3,2005-10-16,V29,Esp0481
BoisLarge,P3,2005-10-16,V29,Esp0485
BoisLarge,P3,2005-10-16,V29,Esp0486
BoisLarge,P4,2005-10-18,V30,Esp0012
BoisLarge,P5,2005-10-18,V30,Esp0111
BoisLarge,P3,2005-10-18,V30,Esp0139
BoisLarge,P7,2005-10-18,V30,Esp0140
BoisLarge,P7,2005-10-18,V30,Esp0160
BoisLarge,P7,2005-10-18,V30,Esp0167
BoisLarge,P7,2005-10-18,V30,Esp0227
BoisLarge,P4,2005-10-18,V30,Esp0286
BoisLarge,P3,2005-10-18,V30,Esp0299
BoisLarge,P5,2005-10-18,V30,Esp0300
BoisLarge,P6,2005-10-18,V30,Esp0314
BoisLarge,P2,2005-10-18,V30,Esp0317
BoisLarge,P5,2005-10-18,V30,Esp0321
BoisLarge,P5,2005-10-18,V30,Esp0338
BoisLarge,P1,2005-10-18,V30,Esp0341
BoisLarge,P6,2005-10-18,V30,Esp0376
BoisLarge,P7,2005-10-18,V30,Esp0388
BoisLarge,P3,2005-10-18,V30,Esp0390
BoisLarge,P4,2005-10-18,V30,Esp0391
BoisLarge,P5,2005-10-18,V30,Esp0394
BoisLarge,P4,2005-10-18,V30,Esp0396
BoisLarge,P1,2005-10-18,V30,Esp0401
BoisLarge,P1,2005-10-18,V30,Esp0408
BoisLarge,P4,2005-10-18,V30,Esp0410
BoisLarge,P6,2005-10-18,V30,Esp0415
BoisLarge,P4,2005-10-18,V30,Esp0423
BoisLarge,P5,2005-10-18,V30,Esp0424
BoisLarge,P3,2005-10-18,V30,Esp0430
BoisLarge,P7,2005-10-18,V30,Esp0432
BoisLarge,P1,2005-10-18,V30,Esp0437
BoisLarge,P6,2005-10-18,V30,Esp0440
BoisLarge,P7,2005-10-18,V30,Esp0442
BoisLarge,P2,2005-10-18,V30,Esp0446
BoisLarge,P2,2005-10-18,V30,Esp0448
BoisLarge,P3,2005-10-18,V30,Esp0450
BoisLarge,P3,2005-10-18,V30,Esp0454
BoisLarge,P7,2005-10-18,V30,Esp0455
BoisLarge,P1,2005-10-18,V30,Esp0457
BoisLarge,P3,2005-10-18,V30,Esp0467
BoisLarge,P2,2005-10-18,V30,Esp0469
BoisLarge,P7,2005-10-18,V30,Esp0471
BoisLarge,P4,2005-10-18,V30,Esp0476
BoisLarge,P2,2005-10-18,V30,Esp0484
BoisLarge,P4,2005-10-20,V31,Esp0046
BoisLarge,P2,2005-10-20,V31,Esp0049
BoisLarge,P5,2005-10-20,V31,Esp0063
BoisLarge,P4,2005-10-20,V31,Esp0110
BoisLarge,P2,2005-10-20,V31,Esp0165
BoisLarge,P3,2005-10-20,V31,Esp0178
BoisLarge,P2,2005-10-20,V31,Esp0184
BoisLarge,P5,2005-10-20,V31,Esp0201
BoisLarge,P4,2005-10-20,V31,Esp0216
BoisLarge,P6,2005-10-20,V31,Esp0225
BoisLarge,P1,2005-10-20,V31,Esp0229
BoisLarge,P5,2005-10-20,V31,Esp0236
BoisLarge,P5,2005-10-20,V31,Esp0242
BoisLarge,P1,2005-10-20,V31,Esp0263
BoisLarge,P1,2005-10-20,V31,Esp0268
BoisLarge,P6,2005-10-20,V31,Esp0291
BoisLarge,P1,2005-10-20,V31,Esp0297
BoisLarge,P1,2005-10-20,V31,Esp0314
BoisLarge,P4,2005-10-20,V31,Esp0318
BoisLarge,P4,2005-10-20,V31,Esp0350
BoisLarge,P5,2005-10-20,V31,Esp0352
BoisLarge,P7,2005-10-20,V31,Esp0353
BoisLarge,P5,2005-10-20,V31,Esp0369
BoisLarge,P2,2005-10-20,V31,Esp0382
BoisLarge,P7,2005-10-20,V31,Esp0389
BoisLarge,P1,2005-10-20,V31,Esp0391
BoisLarge,P6,2005-10-20,V31,Esp0398
BoisLarge,P5,2005-10-20,V31,Esp0400
BoisLarge,P6,2005-10-20,V31,Esp0402
BoisLarge,P1,2005-10-20,V31,Esp0416
BoisLarge,P6,2005-10-20,V31,Esp0417
BoisLarge,P7,2005-10-20,V31,Esp0422
BoisLarge,P2,2005-10-20,V31,Esp0425
BoisLarge,P1,2005-10-20,V31,Esp0427
BoisLarge,P2,2005-10-20,V31,Esp0431
BoisLarge,P3,2005-10-20,V31,Esp0434
BoisLarge,P4,2005-10-20,V31,Esp0438
BoisLarge,P1,2005-10-20,V31,Esp0440
BoisLarge,P6,2005-10-20,V31,Esp0453
BoisLarge,P3,2005-10-20,V31,Esp0454
BoisLarge,P1,2005-10-20,V31,Esp0456
BoisLarge,P6,2005-10-20,V31,Esp0464
BoisLarge,P7,2005-10-20,V31,Esp0468
BoisLarge,P3,2005-10-20,V31,Esp0469
BoisLarge,P2,2005-10-20,V31,Esp0471
BoisLarge,P4,2005-10-20,V31,Esp0477
BoisLarge,P5,2005-10-20,V31,Esp0478
BoisLarge,P1,2005-10-20,V31,Esp0479
BoisLarge,P3,2005-10-20,V31,Esp0481
BoisLarge,P2,2005-10-20,V31,Esp0482
BoisLarge,P3,2005-10-20,V31,Esp0485
BoisLarge,P7,2005-10-20,V31,Esp0486
BoisLarge,P4,2005-11-12,V32,Esp0016
BoisLarge,P7,2005-11-12,V32,Esp0019
BoisLarge,P6,2005-11-12,V32,Esp0036
BoisLarge,P4,2005-11-12,V32,Esp0042
BoisLarge,P5,2005-11-12,V32,Esp0084
BoisLarge,P6,2005-11-12,V32,Esp0126
BoisLarge,P1,2005-11-12,V32,Esp0136
BoisLarge,P1,2005-11-12,V32,Esp0217
BoisLarge,P4,2005-11-12,V32,Esp0218
BoisLarge,P6,2005-11-12,V32,Esp0259
BoisLarge,P6,2005-11-12,V32,Esp0309
BoisLarge,P6,2005-11-12,V32,Esp0337
BoisLarge,P3,2005-11-12,V32,Esp0343
BoisLarge,P2,2005-11-12,V32,Esp0363
BoisLarge,P7,2005-11-12,V32,Esp0365
BoisLarge,P5,2005-11-12,V32,Esp0369
BoisLarge,P5,2005-11-12,V32,Esp0372
BoisLarge,P6,2005-11-12,V32,Esp0373
BoisLarge,P5,2005-11-12,V32,Esp0376
BoisLarge,P5,2005-11-12,V32,Esp0378
BoisLarge,P2,2005-11-12,V32,Esp0379
BoisLarge,P6,2005-11-12,V32,Esp0381
BoisLarge,P6,2005-11-12,V32,Esp0384
BoisLarge,P2,2005-11-12,V32,Esp0387
BoisLarge,P1,2005-11-12,V32,Esp0393
BoisLarge,P2,2005-11-12,V32,Esp0395
BoisLarge,P5,2005-11-12,V32,Esp0398
BoisLarge,P3,2005-11-12,V32,Esp0407
BoisLarge,P6,2005-11-12,V32,Esp0410
BoisLarge,P5,2005-11-12,V32,Esp0411
BoisLarge,P2,2005-11-12,V32,Esp0414
BoisLarge,P7,2005-11-12,V32,Esp0426
BoisLarge,P6,2005-11-12,V32,Esp0427
BoisLarge,P4,2005-11-12,V32,Esp0429
BoisLarge,P7,2005-11-12,V32,Esp0432
BoisLarge,P2,2005-11-12,V32,Esp0434
BoisLarge,P4,2005-11-12,V32,Esp0438
BoisLarge,P2,2005-11-12,V32,Esp0441
BoisLarge,P5,2005-11-12,V32,Esp0445
BoisLarge,P6,2005-11-12,V32,Esp0447
BoisLarge,P2,2005-11-12,V32,Esp0449
BoisLarge,P4,2005-11-12,V32,Esp0452
BoisLarge,P3,2005-11-12,V32,Esp0453
BoisLarge,P3,2005-11-12,V32,Esp0457
BoisLarge,P2,2005-11-12,V32,Esp0460
BoisLarge,P4,2005-11-12,V32,Esp0464
BoisLarge,P7,2005-11-12,V32,Esp0471
BoisLarge,P5,2005-11-12,V32,Esp0473
BoisLarge,P1,2005-11-12,V32,Esp0474
BoisLarge,P7,2005-11-12,V32,Esp0476
BoisLarge,P5,2005-11-12,V32,Esp0477
BoisLarge,P3,2005-11-12,V32,Esp0478
BoisLarge,P4,2005-11-12,V32,Esp0480
BoisLarge,P5,2005-11-12,V32,Esp0481
BoisLarge,P3,2005-11-12,V32,Esp0482
BoisLarge,P3,2005-11-12,V32,Esp0485
BoisLarge,P1,2005-11-12,V32,Esp0486
BoisLarge,P1,2025-09-10,V1,Gyrodon lividus
BoisLarge,P1,2025-09-10,V1,Russula leprosa
BoisLarge,P1,2025-09-11,V1,Boletus edulis
BoisLarge,P1,2025-09-11,V1,Cantharellus cibarius
BoisLarge,P2,2025-09-17,V2,Amanita rubescens
BoisLarge,P2,2025-09-17,V2,Gyrodon lividus
BoisLarge,P2,2025-09-18,V2,Lactarius deliciosus
BoisLarge,P3,2025-09-24,V3,Cantharellus cibarius
BoisLarge,P3,2025-09-25,V3,Cortinarius violaceus
BoisLarge,P1,2025-10-01,V4,Russula leprosa
BoisLarge,P2,2025-10-02,V4,Boletus edulis
BoisLarge,P2,2025-10-08,V5,Boletus edulis
BoisLarge,P3,2025-10-09,V5,Russula cyanoxantha
BoisLarge,P3,2025-10-15,V6,Laccaria laccata
BoisLarge,P1,2025-10-16,V6,Amanita muscaria
BoisLarge,P1,2025-10-22,V7,Hydnum repandum
BoisLarge,P2,2025-10-23,V7,Craterellus tubaeformis
BoisLarge,P3,2025-10-30,V8,Hydnum repandum
