site;placette;date;visite_id;espece
Forêt de Saint-Germain-en-Laye;P1;2025-09-10;V1;Gyrodon lividus
Forêt de Saint-Germain-en-Laye;P1;2025-09-10;V1;Russula leprosa
Forêt de Saint-Germain-en-Laye;P2;2025-09-17;V2;Gyrodon lividus
Forêt de Saint-Germain-en-Laye;P2;2025-09-17;V2;Amanita rubescens
Forêt de Saint-Germain-en-Laye;P3;2025-09-24;V3;Cantharellus cibarius
Forêt de Saint-Germain-en-Laye;P1;2025-10-01;V4;Russula leprosa
Forêt de Saint-Germain-en-Laye;P2;2025-10-08;V5;Boletus edulis
Forêt de Saint-Germain-en-Laye;P3;2025-10-15;V6;Laccaria laccata
Forêt de Saint-Germain-en-Laye;P1;2025-10-22;V7;Hydnum repandum
Forêt de Saint-Germain-en-Laye;P1;2025-09-11;V1;Boletus edulis
Forêt de Saint-Germain-en-Laye;P1;2025-09-11;V1;Cantharellus cibarius
Forêt de Saint-Germain-en-Laye;P2;2025-09-18;V2;Lactarius deliciosus
Forêt de Saint-Germain-en-Laye;P3;2025-09-25;V3;Cortinarius violaceus
Forêt de Saint-Germain-en-Laye;P2;2025-10-02;V4;Boletus edulis
Forêt de Saint-Germain-en-Laye;P3;2025-10-09;V5;Russula cyanoxantha
Forêt de Saint-Germain-en-Laye;P1;2025-10-16;V6;Amanita muscaria
Forêt de Saint-Germain-en-Laye;P2;2025-10-23;V7;Craterellus tubaeformis
Forêt de Saint-Germain-en-Laye;P3;2025-10-30;V8;Hydnum repandum
Forêt de Saint-Germain-en-Laye;P1;2005-10-10;V25;Esp0001
Forêt de Saint-Germain-en-Laye;P5;2005-09-13;V12;Esp0002
Forêt de Saint-Germain-en-Laye;P1;2005-09-16;V14;Esp0003
Forêt de Saint-Germain-en-Laye;P1;2005-09-11;V11;Esp0004
Forêt de Saint-Germain-en-Laye;P2;2005-09-14;V13;Esp0005
Forêt de Saint-Germain-en-Laye;P4;2005-09-11;V11;Esp0006
Forêt de Saint-Germain-en-Laye;P2;2004-11-08;V6;Esp0007
Forêt de Saint-Germain-en-Laye;P2;2005-08-30;V10;Esp0008
Forêt de Saint-Germain-en-Laye;P1;2005-09-30;V19;Esp0009
Forêt de Saint-Germain-en-Laye;P7;2004-10-02;V1;Esp0010
Forêt de Saint-Germain-en-Laye;P7;2005-10-16;V29;Esp0011
Forêt de Saint-Germain-en-Laye;P4;2005-10-18;V30;Esp0012
Forêt de Saint-Germain-en-Laye;P1;2005-08-25;V8;Esp0013
Forêt de Saint-Germain-en-Laye;P5;2004-10-10;V2;Esp0014
Forêt de Saint-Germain-en-Laye;P6;2005-09-11;V11;Esp0015
Forêt de Saint-Germain-en-Laye;P4;2005-11-12;V32;Esp0016
Forêt de Saint-Germain-en-Laye;P2;2005-10-16;V29;Esp0017
Forêt de Saint-Germain-en-Laye;P2;2005-10-01;V20;Esp0018
Forêt de Saint-Germain-en-Laye;P7;2005-11-12;V32;Esp0019
Forêt de Saint-Germain-en-Laye;P3;2004-11-08;V6;Esp0020
Forêt de Saint-Germain-en-Laye;P1;2005-09-26;V17;Esp0021
Forêt de Saint-Germain-en-Laye;P1;2005-09-11;V11;Esp0022
Forêt de Saint-Germain-en-Laye;P3;2005-10-03;V21;Esp0023
Forêt de Saint-Germain-en-Laye;P4;2005-10-01;V20;Esp0024
Forêt de Saint-Germain-en-Laye;P5;2004-10-29;V5;Esp0025
Forêt de Saint-Germain-en-Laye;P7;2005-10-08;V24;Esp0026
Forêt de Saint-Germain-en-Laye;P5;2004-10-17;V3;Esp0027
Forêt de Saint-Germain-en-Laye;P5;2005-09-16;V14;Esp0028
Forêt de Saint-Germain-en-Laye;P4;2005-10-03;V21;Esp0029
Forêt de Saint-Germain-en-Laye;P2;2005-10-05;V22;Esp0030
Forêt de Saint-Germain-en-Laye;P4;2004-10-29;V5;Esp0031
Forêt de Saint-Germain-en-Laye;P3;2005-10-01;V20;Esp0032
Forêt de Saint-Germain-en-Laye;P2;2005-08-23;V7;Esp0033
Forêt de Saint-Germain-en-Laye;P1;2005-09-20;V16;Esp0034
Forêt de Saint-Germain-en-Laye;P2;2005-08-30;V10;Esp0035
Forêt de Saint-Germain-en-Laye;P6;2005-11-12;V32;Esp0036
Forêt de Saint-Germain-en-Laye;P3;2005-09-30;V19;Esp0037
Forêt de Saint-Germain-en-Laye;P7;2005-09-29;V18;Esp0038
Forêt de Saint-Germain-en-Laye;P6;2005-09-29;V18;Esp0039
Forêt de Saint-Germain-en-Laye;P2;2005-09-14;V13;Esp0040
Forêt de Saint-Germain-en-Laye;P4;2004-11-08;V6;Esp0041
Forêt de Saint-Germain-en-Laye;P4;2005-11-12;V32;Esp0042
Forêt de Saint-Germain-en-Laye;P6;2005-08-30;V10;Esp0043
Forêt de Saint-Germain-en-Laye;P2;2005-08-30;V10;Esp0044
Forêt de Saint-Germain-en-Laye;P5;2005-10-03;V21;Esp0045
Forêt de Saint-Germain-en-Laye;P4;2005-10-20;V31;Esp0046
Forêt de Saint-Germain-en-Laye;P5;2005-09-14;V13;Esp0047
Forêt de Saint-Germain-en-Laye;P4;2005-08-28;V9;Esp0048
Forêt de Saint-Germain-en-Laye;P2;2005-10-20;V31;Esp0049
Forêt de Saint-Germain-en-Laye;P2;2005-09-26;V17;Esp0050
Forêt de Saint-Germain-en-Laye;P3;2005-09-18;V15;Esp0051
Forêt de Saint-Germain-en-Laye;P7;2005-09-20;V16;Esp0052
Forêt de Saint-Germain-en-Laye;P1;2004-11-08;V6;Esp0053
Forêt de Saint-Germain-en-Laye;P5;2005-08-28;V9;Esp0054
Forêt de Saint-Germain-en-Laye;P2;2005-09-26;V17;Esp0055
Forêt de Saint-Germain-en-Laye;P2;2005-10-03;V21;Esp0056
Forêt de Saint-Germain-en-Laye;P6;2005-09-18;V15;Esp0057
Forêt de Saint-Germain-en-Laye;P6;2005-10-12;V26;Esp0058
Forêt de Saint-Germain-en-Laye;P2;2005-09-16;V14;Esp0059
Forêt de Saint-Germain-en-Laye;P4;2005-10-01;V20;Esp0060
Forêt de Saint-Germain-en-Laye;P3;2005-10-12;V26;Esp0061
Forêt de Saint-Germain-en-Laye;P6;2004-10-29;V5;Esp0062
Forêt de Saint-Germain-en-Laye;P5;2005-10-20;V31;Esp0063
Forêt de Saint-Germain-en-Laye;P2;2005-10-08;V24;Esp0064
Forêt de Saint-Germain-en-Laye;P7;2005-10-03;V21;Esp0065
Forêt de Saint-Germain-en-Laye;P6;2005-09-26;V17;Esp0066
Forêt de Saint-Germain-en-Laye;P2;2005-09-13;V12;Esp0067
Forêt de Saint-Germain-en-Laye;P2;2005-10-15;V28;Esp0068
Forêt de Saint-Germain-en-Laye;P5;2005-10-05;V22;Esp0069
Forêt de Saint-Germain-en-Laye;P1;2005-09-20;V16;Esp0070
Forêt de Saint-Germain-en-Laye;P1;2005-10-08;V24;Esp0071
Forêt de Saint-Germain-en-Laye;P7;2004-10-17;V3;Esp0072
Forêt de Saint-Germain-en-Laye;P4;2004-10-22;V4;Esp0073
Forêt de Saint-Germain-en-Laye;P5;2005-10-16;V29;Esp0074
Forêt de Saint-Germain-en-Laye;P2;2005-10-03;V21;Esp0075
Forêt de Saint-Germain-en-Laye;P1;2005-10-16;V29;Esp0076
Forêt de Saint-Germain-en-Laye;P5;2005-10-16;V29;Esp0077
Forêt de Saint-Germain-en-Laye;P4;2004-11-08;V6;Esp0078
Forêt de Saint-Germain-en-Laye;P4;2004-10-17;V3;Esp0079
Forêt de Saint-Germain-en-Laye;P1;2004-11-08;V6;Esp0080
Forêt de Saint-Germain-en-Laye;P3;2005-10-03;V21;Esp0081
Forêt de Saint-Germain-en-Laye;P3;2005-10-14;V27;Esp0082
Forêt de Saint-Germain-en-Laye;P5;2005-10-10;V25;Esp0083
Forêt de Saint-Germain-en-Laye;P5;2005-11-12;V32;Esp0084
Forêt de Saint-Germain-en-Laye;P4;2005-10-14;V27;Esp0085
Forêt de Saint-Germain-en-Laye;P6;2005-10-12;V26;Esp0086
Forêt de Saint-Germain-en-Laye;P5;2005-09-18;V15;Esp0087
Forêt de Saint-Germain-en-Laye;P4;2005-09-30;V19;Esp0088
Forêt de Saint-Germain-en-Laye;P6;2005-10-01;V20;Esp0089
Forêt de Saint-Germain-en-Laye;P2;2005-10-08;V24;Esp0090
Forêt de Saint-Germain-en-Laye;P2;2005-09-30;V19;Esp0091
Forêt de Saint-Germain-en-Laye;P1;2005-08-30;V10;Esp0092
Forêt de Saint-Germain-en-Laye;P2;2005-10-05;V22;Esp0093
Forêt de Saint-Germain-en-Laye;P5;2004-10-29;V5;Esp0094
Forêt de Saint-Germain-en-Laye;P6;2004-10-10;V2;Esp0095
Forêt de Saint-Germain-en-Laye;P7;2005-09-26;V17;Esp0096
Forêt de Saint-Germain-en-Laye;P5;2004-10-02;V1;Esp0097
Forêt de Saint-Germain-en-Laye;P4;2005-10-14;V27;Esp0098
Forêt de Saint-Germain-en-Laye;P1;2005-10-12;V26;Esp0099
Forêt de Saint-Germain-en-Laye;P4;2005-10-12;V26;Esp0100
Forêt de Saint-Germain-en-Laye;P7;2005-09-30;V19;Esp0101
Forêt de Saint-Germain-en-Laye;P2;2005-09-29;V18;Esp0102
Forêt de Saint-Germain-en-Laye;P2;2005-10-16;V29;Esp0103
Forêt de Saint-Germain-en-Laye;P3;2005-10-10;V25;Esp0104
Forêt de Saint-Germain-en-Laye;P5;2005-10-08;V24;Esp0105
Forêt de Saint-Germain-en-Laye;P5;2005-10-03;V21;Esp0106
Forêt de Saint-Germain-en-Laye;P6;2004-10-02;V1;Esp0107
Forêt de Saint-Germain-en-Laye;P3;2005-10-12;V26;Esp0108
Forêt de Saint-Germain-en-Laye;P6;2004-10-10;V2;Esp0109
Forêt de Saint-Germain-en-Laye;P4;2005-10-20;V31;Esp0110
Forêt de Saint-Germain-en-Laye;P5;2005-10-18;V30;Esp0111
Forêt de Saint-Germain-en-Laye;P1;2004-10-29;V5;Esp0112
Forêt de Saint-Germain-en-Laye;P4;2005-09-11;V11;Esp0113
Forêt de Saint-Germain-en-Laye;P1;2005-09-18;V15;Esp0114
Forêt de Saint-Germain-en-Laye;P1;2005-08-28;V9;Esp0115
Forêt de Saint-Germain-en-Laye;P5;2005-09-16;V14;Esp0116
Forêt de Saint-Germain-en-Laye;P6;2005-10-16;V29;Esp0117
Forêt de Saint-Germain-en-Laye;P3;2005-08-28;V9;Esp0118
Forêt de Saint-Germain-en-Laye;P1;2005-09-13;V12;Esp0119
Forêt de Saint-Germain-en-Laye;P2;2004-10-22;V4;Esp0120
Forêt de Saint-Germain-en-Laye;P5;2005-08-25;V8;Esp0121
Forêt de Saint-Germain-en-Laye;P7;2004-11-08;V6;Esp0122
Forêt de Saint-Germain-en-Laye;P6;2004-10-22;V4;Esp0123
Forêt de Saint-Germain-en-Laye;P1;2005-09-20;V16;Esp0124
Forêt de Saint-Germain-en-Laye;P5;2004-10-10;V2;Esp0125
Forêt de Saint-Germain-en-Laye;P6;2005-11-12;V32;Esp0126
Forêt de Saint-Germain-en-Laye;P5;2004-10-22;V4;Esp0127
Forêt de Saint-Germain-en-Laye;P1;2005-09-13;V12;Esp0128
Forêt de Saint-Germain-en-Laye;P7;2005-10-05;V22;Esp0129
Forêt de Saint-Germain-en-Laye;P2;2005-10-01;V20;Esp0130
Forêt de Saint-Germain-en-Laye;P3;2005-08-23;V7;Esp0131
Forêt de Saint-Germain-en-Laye;P2;2005-09-13;V12;Esp0132
Forêt de Saint-Germain-en-Laye;P2;2005-08-25;V8;Esp0133
Forêt de Saint-Germain-en-Laye;P1;2005-08-30;V10;Esp0134
Forêt de Saint-Germain-en-Laye;P3;2004-11-08;V6;Esp0135
Forêt de Saint-Germain-en-Laye;P1;2005-11-12;V32;Esp0136
Forêt de Saint-Germain-en-Laye;P5;2005-10-01;V20;Esp0137
Forêt de Saint-Germain-en-Laye;P1;2005-09-26;V17;Esp0138
Forêt de Saint-Germain-en-Laye;P3;2005-10-18;V30;Esp0139
Forêt de Saint-Germain-en-Laye;P7;2005-10-18;V30;Esp0140
Forêt de Saint-Germain-en-Laye;P1;2005-10-10;V25;Esp0141
Forêt de Saint-Germain-en-Laye;P6;2005-10-14;V27;Esp0142
Forêt de Saint-Germain-en-Laye;P6;2005-08-30;V10;Esp0143
Forêt de Saint-Germain-en-Laye;P7;2005-10-05;V22;Esp0144
Forêt de Saint-Germain-en-Laye;P6;2004-11-08;V6;Esp0145
Forêt de Saint-Germain-en-Laye;P7;2005-09-14;V13;Esp0146
Forêt de Saint-Germain-en-Laye;P3;2005-08-30;V10;Esp0147
Forêt de Saint-Germain-en-Laye;P6;2005-09-13;V12;Esp0148
Forêt de Saint-Germain-en-Laye;P5;2005-08-28;V9;Esp0149
Forêt de Saint-Germain-en-Laye;P1;2005-10-16;V29;Esp0150
Forêt de Saint-Germain-en-Laye;P6;2005-10-05;V22;Esp0151
Forêt de Saint-Germain-en-Laye;P1;2005-09-30;V19;Esp0152
Forêt de Saint-Germain-en-Laye;P2;2005-09-18;V15;Esp0153
Forêt de Saint-Germain-en-Laye;P7;2005-08-28;V9;Esp0154
Forêt de Saint-Germain-en-Laye;P2;2005-09-20;V16;Esp0155
Forêt de Saint-Germain-en-Laye;P6;2005-08-23;V7;Esp0156
Forêt de Saint-Germain-en-Laye;P6;2005-10-01;V20;Esp0157
Forêt de Saint-Germain-en-Laye;P6;2005-09-20;V16;Esp0158
Forêt de Saint-Germain-en-Laye;P6;2005-09-29;V18;Esp0159
Forêt de Saint-Germain-en-Laye;P7;2005-10-18;V30;Esp0160
Forêt de Saint-Germain-en-Laye;P6;2004-10-29;V5;Esp0161
Forêt de Saint-Germain-en-Laye;P4;2005-09-14;V13;Esp0162
Forêt de Saint-Germain-en-Laye;P4;2005-09-16;V14;Esp0163
Forêt de Saint-Germain-en-Laye;P7;2005-10-10;V25;Esp0164
Forêt de Saint-Germain-en-Laye;P2;2005-10-20;V31;Esp0165
Forêt de Saint-Germain-en-Laye;P2;2005-10-05;V22;Esp0166
Forêt de Saint-Germain-en-Laye;P7;2005-10-18;V30;Esp0167
Forêt de Saint-Germain-en-Laye;P4;2005-08-30;V10;Esp0168
Forêt de Saint-Germain-en-Laye;P6;2004-10-17;V3;Esp0169
Forêt de Saint-Germain-en-Laye;P4;2005-09-13;V12;Esp0170
Forêt de Saint-Germain-en-Laye;P2;2005-09-11;V11;Esp0171
Forêt de Saint-Germain-en-Laye;P1;2005-09-14;V13;Esp0172
Forêt de Saint-Germain-en-Laye;P1;2005-09-18;V15;Esp0173
Forêt de Saint-Germain-en-Laye;P2;2004-10-02;V1;Esp0174
Forêt de Saint-Germain-en-Laye;P2;2005-09-18;V15;Esp0175
Forêt de Saint-Germain-en-Laye;P1;2005-09-29;V18;Esp0176
Forêt de Saint-Germain-en-Laye;P4;2005-10-01;V20;Esp0177
Forêt de Saint-Germain-en-Laye;P3;2005-10-20;V31;Esp0178
Forêt de Saint-Germain-en-Laye;P5;2005-09-20;V16;Esp0179
Forêt de Saint-Germain-en-Laye;P6;2005-10-05;V22;Esp0180
Forêt de Saint-Germain-en-Laye;P6;2005-09-26;V17;Esp0181
Forêt de Saint-Germain-en-Laye;P2;2005-09-20;V16;Esp0182
Forêt de Saint-Germain-en-Laye;P4;2005-09-30;V19;Esp0183
Forêt de Saint-Germain-en-Laye;P2;2005-10-20;V31;Esp0184
Forêt de Saint-Germain-en-Laye;P7;2005-09-30;V19;Esp0185
Forêt de Saint-Germain-en-Laye;P3;2004-10-10;V2;Esp0186
Forêt de Saint-Germain-en-Laye;P2;2005-09-20;V16;Esp0187
Forêt de Saint-Germain-en-Laye;P1;2005-10-07;V23;Esp0188
Forêt de Saint-Germain-en-Laye;P4;2005-09-30;V19;Esp0189
Forêt de Saint-Germain-en-Laye;P6;2005-09-18;V15;Esp0190
Forêt de Saint-Germain-en-Laye;P5;2005-10-08;V24;Esp0191
Forêt de Saint-Germain-en-Laye;P2;2005-09-18;V15;Esp0192
Forêt de Saint-Germain-en-Laye;P1;2005-10-12;V26;Esp0193
Forêt de Saint-Germain-en-Laye;P1;2005-10-05;V22;Esp0194
Forêt de Saint-Germain-en-Laye;P5;2004-10-29;V5;Esp0195
Forêt de Saint-Germain-en-Laye;P3;2004-11-08;V6;Esp0196
Forêt de Saint-Germain-en-Laye;P6;2005-10-07;V23;Esp0197
Forêt de Saint-Germain-en-Laye;P6;2005-10-16;V29;Esp0198
Forêt de Saint-Germain-en-Laye;P4;2005-10-16;V29;Esp0199
Forêt de Saint-Germain-en-Laye;P2;2005-10-07;V23;Esp0200
Forêt de Saint-Germain-en-Laye;P1;2005-10-16;V29;Esp0201
Forêt de Saint-Germain-en-Laye;P5;2005-10-20;V31;Esp0201
Forêt de Saint-Germain-en-Laye;P3;2005-10-14;V27;Esp0202
Forêt de Saint-Germain-en-Laye;P6;2005-09-20;V16;Esp0202
Forêt de Saint-Germain-en-Laye;P2;2004-10-17;V3;Esp0203
Forêt de Saint-Germain-en-Laye;P7;2005-08-23;V7;Esp0203
Forêt de Saint-Germain-en-Laye;P7;2005-09-11;V11;Esp0204
Forêt de Saint-Germain-en-Laye;P5;2004-10-10;V2;Esp0204
Forêt de Saint-Germain-en-Laye;P3;2005-10-01;V20;Esp0205
Forêt de Saint-Germain-en-Laye;P4;2004-10-29;V5;Esp0205
Forêt de Saint-Germain-en-Laye;P2;2005-10-08;V24;Esp0206
Forêt de Saint-Germain-en-Laye;P1;2005-09-14;V13;Esp0206
Forêt de Saint-Germain-en-Laye;P3;2005-09-16;V14;Esp0207
Forêt de Saint-Germain-en-Laye;P3;2005-10-07;V23;Esp0207
Forêt de Saint-Germain-en-Laye;P6;2005-08-30;V10;Esp0208
Forêt de Saint-Germain-en-Laye;P4;2005-08-25;V8;Esp0208
Forêt de Saint-Germain-en-Laye;P4;2005-09-16;V14;Esp0209
Forêt de Saint-Germain-en-Laye;P4;2005-09-26;V17;Esp0209
Forêt de Saint-Germain-en-Laye;P3;2005-10-08;V24;Esp0210
Forêt de Saint-Germain-en-Laye;P1;2005-09-11;V11;Esp0210
Forêt de Saint-Germain-en-Laye;P1;2005-09-29;V18;Esp0211
Forêt de Saint-Germain-en-Laye;P1;2005-10-16;V29;Esp0211
Forêt de Saint-Germain-en-Laye;P6;2005-09-30;V19;Esp0212
Forêt de Saint-Germain-en-Laye;P5;2005-09-11;V11;Esp0212
Forêt de Saint-Germain-en-Laye;P7;2005-09-30;V19;Esp0213
Forêt de Saint-Germain-en-Laye;P6;2005-08-30;V10;Esp0213
Forêt de Saint-Germain-en-Laye;P4;2005-10-10;V25;Esp0214
Forêt de Saint-Germain-en-Laye;P7;2004-10-10;V2;Esp0214
Forêt de Saint-Germain-en-Laye;P1;2004-10-29;V5;Esp0215
Forêt de Saint-Germain-en-Laye;P5;2005-09-20;V16;Esp0215
Forêt de Saint-Germain-en-Laye;P4;2005-10-20;V31;Esp0216
Forêt de Saint-Germain-en-Laye;P1;2004-10-02;V1;Esp0216
Forêt de Saint-Germain-en-Laye;P1;2005-09-20;V16;Esp0217
Forêt de Saint-Germain-en-Laye;P1;2005-11-12;V32;Esp0217
Forêt de Saint-Germain-en-Laye;P4;2005-11-12;V32;Esp0218
Forêt de Saint-Germain-en-Laye;P2;2005-08-28;V9;Esp0218
Forêt de Saint-Germain-en-Laye;P7;2005-09-18;V15;Esp0219
Forêt de Saint-Germain-en-Laye;P7;2005-10-07;V23;Esp0219
Forêt de Saint-Germain-en-Laye;P3;2005-08-23;V7;Esp0220
Forêt de Saint-Germain-en-Laye;P5;2005-08-25;V8;Esp0220
Forêt de Saint-Germain-en-Laye;P5;2005-10-05;V22;Esp0221
Forêt de Saint-Germain-en-Laye;P4;2005-09-13;V12;Esp0221
Forêt de Saint-Germain-en-Laye;P1;2005-09-18;V15;Esp0222
Forêt de Saint-Germain-en-Laye;P6;2005-09-14;V13;Esp0222
Forêt de Saint-Germain-en-Laye;P3;2005-10-05;V22;Esp0223
Forêt de Saint-Germain-en-Laye;P4;2005-09-13;V12;Esp0223
Forêt de Saint-Germain-en-Laye;P7;2005-10-14;V27;Esp0224
Forêt de Saint-Germain-en-Laye;P5;2005-09-18;V15;Esp0224
Forêt de Saint-Germain-en-Laye;P7;2005-09-26;V17;Esp0225
Forêt de Saint-Germain-en-Laye;P6;2005-10-20;V31;Esp0225
Forêt de Saint-Germain-en-Laye;P7;2005-10-10;V25;Esp0226
Forêt de Saint-Germain-en-Laye;P2;2004-10-22;V4;Esp0226
Forêt de Saint-Germain-en-Laye;P7;2005-10-18;V30;Esp0227
Forêt de Saint-Germain-en-Laye;P7;2005-10-08;V24;Esp0227
Forêt de Saint-Germain-en-Laye;P1;2005-10-01;V20;Esp0228
Forêt de Saint-Germain-en-Laye;P1;2005-09-14;V13;Esp0228
Forêt de Saint-Germain-en-Laye;P1;2005-10-20;V31;Esp0229
Forêt de Saint-Germain-en-Laye;P3;2005-09-20;V16;Esp0229
Forêt de Saint-Germain-en-Laye;P2;2005-09-11;V11;Esp0230
Forêt de Saint-Germain-en-Laye;P5;2004-10-02;V1;Esp0230
Forêt de Saint-Germain-en-Laye;P7;2005-09-29;V18;Esp0231
Forêt de Saint-Germain-en-Laye;P4;2005-08-28;V9;Esp0231
Forêt de Saint-Germain-en-Laye;P4;2004-10-29;V5;Esp0232
Forêt de Saint-Germain-en-Laye;P7;2005-09-20;V16;Esp0232
Forêt de Saint-Germain-en-Laye;P5;2005-10-16;V29;Esp0233
Forêt de Saint-Germain-en-Laye;P1;2005-10-03;V21;Esp0233
Forêt de Saint-Germain-en-Laye;P4;2005-09-14;V13;Esp0234
Forêt de Saint-Germain-en-Laye;P1;2005-09-11;V11;Esp0234
Forêt de Saint-Germain-en-Laye;P6;2004-10-02;V1;Esp0235
Forêt de Saint-Germain-en-Laye;P1;2005-10-08;V24;Esp0235
Forêt de Saint-Germain-en-Laye;P5;2005-10-20;V31;Esp0236
Forêt de Saint-Germain-en-Laye;P6;2004-10-17;V3;Esp0236
Forêt de Saint-Germain-en-Laye;P3;2005-08-28;V9;Esp0237
Forêt de Saint-Germain-en-Laye;P1;2005-09-11;V11;Esp0237
Forêt de Saint-Germain-en-Laye;P6;2005-10-05;V22;Esp0238
Forêt de Saint-Germain-en-Laye;P2;2005-09-29;V18;Esp0238
Forêt de Saint-Germain-en-Laye;P6;2005-10-15;V28;Esp0239
Forêt de Saint-Germain-en-Laye;P6;2005-09-14;V13;Esp0239
Forêt de Saint-Germain-en-Laye;P4;2005-08-25;V8;Esp0240
Forêt de Saint-Germain-en-Laye;P7;2005-09-18;V15;Esp0240
Forêt de Saint-Germain-en-Laye;P6;2005-10-15;V28;Esp0241
Forêt de Saint-Germain-en-Laye;P7;2005-09-30;V19;Esp0241
Forêt de Saint-Germain-en-Laye;P2;2005-09-14;V13;Esp0242
Forêt de Saint-Germain-en-Laye;P5;2005-10-20;V31;Esp0242
Forêt de Saint-Germain-en-Laye;P5;2005-09-18;V15;Esp0243
Forêt de Saint-Germain-en-Laye;P3;2005-09-16;V14;Esp0243
Forêt de Saint-Germain-en-Laye;P7;2005-09-29;V18;Esp0244
Forêt de Saint-Germain-en-Laye;P5;2005-10-15;V28;Esp0244
Forêt de Saint-Germain-en-Laye;P2;2005-08-30;V10;Esp0245
Forêt de Saint-Germain-en-Laye;P1;2005-09-18;V15;Esp0245
Forêt de Saint-Germain-en-Laye;P6;2005-08-25;V8;Esp0246
Forêt de Saint-Germain-en-Laye;P1;2005-09-29;V18;Esp0246
Forêt de Saint-Germain-en-Laye;P6;2005-08-25;V8;Esp0247
Forêt de Saint-Germain-en-Laye;P1;2004-10-02;V1;Esp0247
Forêt de Saint-Germain-en-Laye;P3;2005-08-28;V9;Esp0248
Forêt de Saint-Germain-en-Laye;P4;2005-10-07;V23;Esp0248
Forêt de Saint-Germain-en-Laye;P2;2005-10-14;V27;Esp0249
Forêt de Saint-Germain-en-Laye;P7;2005-08-30;V10;Esp0249
Forêt de Saint-Germain-en-Laye;P2;2004-10-02;V1;Esp0250
Forêt de Saint-Germain-en-Laye;P2;2005-10-07;V23;Esp0250
Forêt de Saint-Germain-en-Laye;P2;2005-09-13;V12;Esp0251
Forêt de Saint-Germain-en-Laye;P4;2005-10-14;V27;Esp0251
Forêt de Saint-Germain-en-Laye;P4;2005-09-30;V19;Esp0252
Forêt de Saint-Germain-en-Laye;P7;2005-08-28;V9;Esp0252
Forêt de Saint-Germain-en-Laye;P5;2005-09-26;V17;Esp0253
Forêt de Saint-Germain-en-Laye;P7;2004-10-29;V5;Esp0253
Forêt de Saint-Germain-en-Laye;P1;2005-09-16;V14;Esp0254
Forêt de Saint-Germain-en-Laye;P3;2005-08-23;V7;Esp0254
Forêt de Saint-Germain-en-Laye;P6;2005-10-15;V28;Esp0255
Forêt de Saint-Germain-en-Laye;P5;2005-10-01;V20;Esp0255
Forêt de Saint-Germain-en-Laye;P6;2005-08-30;V10;Esp0256
Forêt de Saint-Germain-en-Laye;P4;2005-10-03;V21;Esp0256
Forêt de Saint-Germain-en-Laye;P2;2005-08-23;V7;Esp0257
Forêt de Saint-Germain-en-Laye;P2;2005-09-18;V15;Esp0257
Forêt de Saint-Germain-en-Laye;P1;2005-10-12;V26;Esp0258
Forêt de Saint-Germain-en-Laye;P3;2005-09-20;V16;Esp0258
Forêt de Saint-Germain-en-Laye;P4;2005-09-11;V11;Esp0259
Forêt de Saint-Germain-en-Laye;P6;2005-11-12;V32;Esp0259
Forêt de Saint-Germain-en-Laye;P2;2005-08-25;V8;Esp0260
Forêt de Saint-Germain-en-Laye;P1;2004-10-17;V3;Esp0260
Forêt de Saint-Germain-en-Laye;P7;2005-08-23;V7;Esp0261
Forêt de Saint-Germain-en-Laye;P7;2005-09-29;V18;Esp0261
Forêt de Saint-Germain-en-Laye;P2;2005-10-14;V27;Esp0262
Forêt de Saint-Germain-en-Laye;P3;2005-10-15;V28;Esp0262
Forêt de Saint-Germain-en-Laye;P1;2005-10-20;V31;Esp0263
Forêt de Saint-Germain-en-Laye;P3;2005-08-23;V7;Esp0263
Forêt de Saint-Germain-en-Laye;P3;2005-09-30;V19;Esp0264
Forêt de Saint-Germain-en-Laye;P4;2005-10-08;V24;Esp0264
Forêt de Saint-Germain-en-Laye;P5;2005-10-15;V28;Esp0265
Forêt de Saint-Germain-en-Laye;P4;2005-10-12;V26;Esp0265
Forêt de Saint-Germain-en-Laye;P2;2005-10-10;V25;Esp0266
Forêt de Saint-Germain-en-Laye;P6;2005-09-11;V11;Esp0266
Forêt de Saint-Germain-en-Laye;P1;2005-08-30;V10;Esp0267
Forêt de Saint-Germain-en-Laye;P6;2005-10-01;V20;Esp0267
Forêt de Saint-Germain-en-Laye;P3;2005-08-23;V7;Esp0268
Forêt de Saint-Germain-en-Laye;P1;2005-10-20;V31;Esp0268
Forêt de Saint-Germain-en-Laye;P6;2004-10-02;V1;Esp0269
Forêt de Saint-Germain-en-Laye;P3;2005-08-30;V10;Esp0269
Forêt de Saint-Germain-en-Laye;P5;2004-10-10;V2;Esp0270
Forêt de Saint-Germain-en-Laye;P4;2005-10-16;V29;Esp0270
Forêt de Saint-Germain-en-Laye;P5;2004-10-17;V3;Esp0271
Forêt de Saint-Germain-en-Laye;P6;2005-09-26;V17;Esp0271
Forêt de Saint-Germain-en-Laye;P7;2004-10-29;V5;Esp0272
Forêt de Saint-Germain-en-Laye;P1;2005-09-13;V12;Esp0272
Forêt de Saint-Germain-en-Laye;P2;2005-09-30;V19;Esp0273
Forêt de Saint-Germain-en-Laye;P2;2005-10-12;V26;Esp0273
Forêt de Saint-Germain-en-Laye;P7;2005-09-11;V11;Esp0274
Forêt de Saint-Germain-en-Laye;P7;2005-10-08;V24;Esp0274
Forêt de Saint-Germain-en-Laye;P6;2005-08-25;V8;Esp0275
Forêt de Saint-Germain-en-Laye;P4;2005-09-26;V17;Esp0275
Forêt de Saint-Germain-en-Laye;P5;2005-08-25;V8;Esp0276
Forêt de Saint-Germain-en-Laye;P3;2005-10-07;V23;Esp0276
Forêt de Saint-Germain-en-Laye;P2;2005-10-03;V21;Esp0277
Forêt de Saint-Germain-en-Laye;P1;2005-09-26;V17;Esp0277
Forêt de Saint-Germain-en-Laye;P1;2005-10-07;V23;Esp0278
Forêt de Saint-Germain-en-Laye;P5;2005-10-05;V22;Esp0278
Forêt de Saint-Germain-en-Laye;P2;2005-08-30;V10;Esp0279
Forêt de Saint-Germain-en-Laye;P3;2005-09-20;V16;Esp0279
Forêt de Saint-Germain-en-Laye;P2;2005-08-28;V9;Esp0280
Forêt de Saint-Germain-en-Laye;P3;2005-08-30;V10;Esp0280
Forêt de Saint-Germain-en-Laye;P6;2005-09-18;V15;Esp0281
Forêt de Saint-Germain-en-Laye;P7;2005-10-14;V27;Esp0281
Forêt de Saint-Germain-en-Laye;P3;2005-10-10;V25;Esp0281
Forêt de Saint-Germain-en-Laye;P4;2005-10-14;V27;Esp0282
Forêt de Saint-Germain-en-Laye;P5;2005-08-23;V7;Esp0282
Forêt de Saint-Germain-en-Laye;P6;2005-10-15;V28;Esp0282
Forêt de Saint-Germain-en-Laye;P4;2005-09-26;V17;Esp0283
Forêt de Saint-Germain-en-Laye;P5;2005-10-12;V26;Esp0283
Forêt de Saint-Germain-en-Laye;P4;2004-10-22;V4;Esp0283
Forêt de Saint-Germain-en-Laye;P3;2005-10-01;V20;Esp0284
Forêt de Saint-Germain-en-Laye;P2;2005-10-12;V26;Esp0284
Forêt de Saint-Germain-en-Laye;P1;2005-09-16;V14;Esp0284
Forêt de Saint-Germain-en-Laye;P3;2005-10-10;V25;Esp0285
Forêt de Saint-Germain-en-Laye;P6;2005-08-25;V8;Esp0285
Forêt de Saint-Germain-en-Laye;P4;2005-09-29;V18;Esp0285
Forêt de Saint-Germain-en-Laye;P1;2005-08-28;V9;Esp0286
Forêt de Saint-Germain-en-Laye;P5;2005-09-14;V13;Esp0286
Forêt de Saint-Germain-en-Laye;P4;2005-10-18;V30;Esp0286
Forêt de Saint-Germain-en-Laye;P5;2005-10-03;V21;Esp0287
Forêt de Saint-Germain-en-Laye;P6;2005-09-11;V11;Esp0287
Forêt de Saint-Germain-en-Laye;P6;2004-10-10;V2;Esp0287
Forêt de Saint-Germain-en-Laye;P4;2005-09-16;V14;Esp0288
Forêt de Saint-Germain-en-Laye;P5;2005-09-11;V11;Esp0288
Forêt de Saint-Germain-en-Laye;P7;2005-10-03;V21;Esp0288
Forêt de Saint-Germain-en-Laye;P4;2004-11-08;V6;Esp0289
Forêt de Saint-Germain-en-Laye;P5;2005-09-11;V11;Esp0289
Forêt de Saint-Germain-en-Laye;P7;2005-08-23;V7;Esp0289
Forêt de Saint-Germain-en-Laye;P2;2005-09-18;V15;Esp0290
Forêt de Saint-Germain-en-Laye;P7;2005-09-14;V13;Esp0290
Forêt de Saint-Germain-en-Laye;P5;2005-10-07;V23;Esp0290
Forêt de Saint-Germain-en-Laye;P2;2005-10-16;V29;Esp0291
Forêt de Saint-Germain-en-Laye;P6;2005-09-20;V16;Esp0291
Forêt de Saint-Germain-en-Laye;P6;2005-10-20;V31;Esp0291
Forêt de Saint-Germain-en-Laye;P2;2005-09-30;V19;Esp0292
Forêt de Saint-Germain-en-Laye;P4;2005-09-14;V13;Esp0292
Forêt de Saint-Germain-en-Laye;P3;2005-10-12;V26;Esp0292
Forêt de Saint-Germain-en-Laye;P1;2004-10-02;V1;Esp0293
Forêt de Saint-Germain-en-Laye;P7;2004-10-22;V4;Esp0293
Forêt de Saint-Germain-en-Laye;P5;2005-10-03;V21;Esp0293
Forêt de Saint-Germain-en-Laye;P4;2005-08-28;V9;Esp0294
Forêt de Saint-Germain-en-Laye;P3;2005-09-14;V13;Esp0294
Forêt de Saint-Germain-en-Laye;P1;2005-10-12;V26;Esp0294
Forêt de Saint-Germain-en-Laye;P6;2005-09-11;V11;Esp0295
Forêt de Saint-Germain-en-Laye;P2;2005-09-16;V14;Esp0295
Forêt de Saint-Germain-en-Laye;P7;2005-09-30;V19;Esp0295
Forêt de Saint-Germain-en-Laye;P3;2005-08-25;V8;Esp0296
Forêt de Saint-Germain-en-Laye;P4;2005-10-01;V20;Esp0296
Forêt de Saint-Germain-en-Laye;P2;2005-10-07;V23;Esp0296
Forêt de Saint-Germain-en-Laye;P1;2005-10-20;V31;Esp0297
Forêt de Saint-Germain-en-Laye;P4;2005-09-26;V17;Esp0297
Forêt de Saint-Germain-en-Laye;P2;2005-10-03;V21;Esp0297
Forêt de Saint-Germain-en-Laye;P1;2004-11-08;V6;Esp0298
Forêt de Saint-Germain-en-Laye;P3;2005-08-28;V9;Esp0298
Forêt de Saint-Germain-en-Laye;P7;2005-10-05;V22;Esp0298
Forêt de Saint-Germain-en-Laye;P6;2004-10-22;V4;Esp0299
Forêt de Saint-Germain-en-Laye;P7;2005-10-14;V27;Esp0299
Forêt de Saint-Germain-en-Laye;P3;2005-10-18;V30;Esp0299
Forêt de Saint-Germain-en-Laye;P6;2005-10-15;V28;Esp0300
Forêt de Saint-Germain-en-Laye;P5;2005-10-18;V30;Esp0300
Forêt de Saint-Germain-en-Laye;P4;2005-10-03;V21;Esp0300
Forêt de Saint-Germain-en-Laye;P2;2005-08-28;V9;Esp0301
Forêt de Saint-Germain-en-Laye;P2;2005-08-30;V10;Esp0301
Forêt de Saint-Germain-en-Laye;P7;2005-09-30;V19;Esp0301
Forêt de Saint-Germain-en-Laye;P1;2004-10-17;V3;Esp0302
Forêt de Saint-Germain-en-Laye;P2;2005-10-10;V25;Esp0302
Forêt de Saint-Germain-en-Laye;P3;2004-10-29;V5;Esp0302
Forêt de Saint-Germain-en-Laye;P6;2005-10-12;V26;Esp0303
Forêt de Saint-Germain-en-Laye;P1;2005-10-10;V25;Esp0303
Forêt de Saint-Germain-en-Laye;P6;2005-10-15;V28;Esp0303
Forêt de Saint-Germain-en-Laye;P2;2005-08-23;V7;Esp0304
Forêt de Saint-Germain-en-Laye;P5;2005-09-11;V11;Esp0304
Forêt de Saint-Germain-en-Laye;P5;2005-09-20;V16;Esp0304
Forêt de Saint-Germain-en-Laye;P2;2004-10-10;V2;Esp0305
Forêt de Saint-Germain-en-Laye;P3;2005-09-26;V17;Esp0305
Forêt de Saint-Germain-en-Laye;P3;2005-09-29;V18;Esp0305
Forêt de Saint-Germain-en-Laye;P2;2005-09-13;V12;Esp0306
Forêt de Saint-Germain-en-Laye;P2;2005-08-23;V7;Esp0306
Forêt de Saint-Germain-en-Laye;P2;2005-08-30;V10;Esp0306
Forêt de Saint-Germain-en-Laye;P4;2004-10-29;V5;Esp0307
Forêt de Saint-Germain-en-Laye;P1;2005-08-28;V9;Esp0307
Forêt de Saint-Germain-en-Laye;P2;2005-09-30;V19;Esp0307
Forêt de Saint-Germain-en-Laye;P5;2004-10-10;V2;Esp0308
Forêt de Saint-Germain-en-Laye;P7;2005-09-14;V13;Esp0308
Forêt de Saint-Germain-en-Laye;P1;2004-11-08;V6;Esp0308
Forêt de Saint-Germain-en-Laye;P6;2005-11-12;V32;Esp0309
Forêt de Saint-Germain-en-Laye;P4;2004-11-08;V6;Esp0309
Forêt de Saint-Germain-en-Laye;P6;2005-09-18;V15;Esp0309
Forêt de Saint-Germain-en-Laye;P3;2005-10-14;V27;Esp0310
Forêt de Saint-Germain-en-Laye;P4;2005-09-11;V11;Esp0310
Forêt de Saint-Germain-en-Laye;P3;2005-09-29;V18;Esp0310
Forêt de Saint-Germain-en-Laye;P6;2005-10-15;V28;Esp0311
Forêt de Saint-Germain-en-Laye;P4;2005-09-29;V18;Esp0311
Forêt de Saint-Germain-en-Laye;P1;2005-10-08;V24;Esp0311
Forêt de Saint-Germain-en-Laye;P6;2005-08-25;V8;Esp0312
Forêt de Saint-Germain-en-Laye;P2;2004-10-22;V4;Esp0312
Forêt de Saint-Germain-en-Laye;P7;2005-08-30;V10;Esp0312
Forêt de Saint-Germain-en-Laye;P3;2005-10-08;V24;Esp0313
Forêt de Saint-Germain-en-Laye;P1;2005-09-30;V19;Esp0313
Forêt de Saint-Germain-en-Laye;P2;2005-09-11;V11;Esp0313
Forêt de Saint-Germain-en-Laye;P6;2005-10-18;V30;Esp0314
Forêt de Saint-Germain-en-Laye;P1;2005-10-20;V31;Esp0314
Forêt de Saint-Germain-en-Laye;P3;2005-08-30;V10;Esp0314
Forêt de Saint-Germain-en-Laye;P6;2005-08-25;V8;Esp0315
Forêt de Saint-Germain-en-Laye;P7;2005-10-08;V24;Esp0315
Forêt de Saint-Germain-en-Laye;P5;2005-09-26;V17;Esp0315
Forêt de Saint-Germain-en-Laye;P6;2004-10-17;V3;Esp0316
Forêt de Saint-Germain-en-Laye;P2;2005-10-05;V22;Esp0316
Forêt de Saint-Germain-en-Laye;P7;2005-09-11;V11;Esp0316
Forêt de Saint-Germain-en-Laye;P1;2005-09-29;V18;Esp0317
Forêt de Saint-Germain-en-Laye;P1;2005-10-03;V21;Esp0317
Forêt de Saint-Germain-en-Laye;P2;2005-10-18;V30;Esp0317
Forêt de Saint-Germain-en-Laye;P1;2005-09-11;V11;Esp0318
Forêt de Saint-Germain-en-Laye;P4;2005-10-20;V31;Esp0318
Forêt de Saint-Germain-en-Laye;P6;2005-10-12;V26;Esp0318
Forêt de Saint-Germain-en-Laye;P1;2005-08-23;V7;Esp0319
Forêt de Saint-Germain-en-Laye;P3;2005-09-30;V19;Esp0319
Forêt de Saint-Germain-en-Laye;P1;2004-10-02;V1;Esp0319
Forêt de Saint-Germain-en-Laye;P4;2004-10-10;V2;Esp0320
Forêt de Saint-Germain-en-Laye;P3;2005-09-26;V17;Esp0320
Forêt de Saint-Germain-en-Laye;P3;2004-10-29;V5;Esp0320
Forêt de Saint-Germain-en-Laye;P5;2005-10-18;V30;Esp0321
Forêt de Saint-Germain-en-Laye;P6;2005-09-13;V12;Esp0321
Forêt de Saint-Germain-en-Laye;P5;2005-09-14;V13;Esp0321
Forêt de Saint-Germain-en-Laye;P3;2004-11-08;V6;Esp0322
Forêt de Saint-Germain-en-Laye;P5;2005-09-18;V15;Esp0322
Forêt de Saint-Germain-en-Laye;P2;2005-08-28;V9;Esp0322
Forêt de Saint-Germain-en-Laye;P6;2004-10-10;V2;Esp0323
Forêt de Saint-Germain-en-Laye;P4;2005-09-11;V11;Esp0323
Forêt de Saint-Germain-en-Laye;P2;2005-10-16;V29;Esp0323
Forêt de Saint-Germain-en-Laye;P7;2004-11-08;V6;Esp0324
Forêt de Saint-Germain-en-Laye;P4;2005-10-08;V24;Esp0324
Forêt de Saint-Germain-en-Laye;P1;2004-10-17;V3;Esp0324
Forêt de Saint-Germain-en-Laye;P1;2005-09-14;V13;Esp0325
Forêt de Saint-Germain-en-Laye;P4;2005-08-30;V10;Esp0325
Forêt de Saint-Germain-en-Laye;P1;2005-08-25;V8;Esp0325
Forêt de Saint-Germain-en-Laye;P3;2004-10-02;V1;Esp0326
Forêt de Saint-Germain-en-Laye;P6;2004-10-29;V5;Esp0326
Forêt de Saint-Germain-en-Laye;P6;2004-10-10;V2;Esp0326
Forêt de Saint-Germain-en-Laye;P3;2005-10-12;V26;Esp0327
Forêt de Saint-Germain-en-Laye;P7;2005-10-03;V21;Esp0327
Forêt de Saint-Germain-en-Laye;P7;2005-10-08;V24;Esp0327
Forêt de Saint-Germain-en-Laye;P2;2005-08-25;V8;Esp0328
Forêt de Saint-Germain-en-Laye;P2;2005-10-08;V24;Esp0328
Forêt de Saint-Germain-en-Laye;P1;2005-09-11;V11;Esp0328
Forêt de Saint-Germain-en-Laye;P7;2005-10-14;V27;Esp0329
Forêt de Saint-Germain-en-Laye;P4;2004-10-10;V2;Esp0329
Forêt de Saint-Germain-en-Laye;P5;2005-08-23;V7;Esp0329
Forêt de Saint-Germain-en-Laye;P5;2005-09-20;V16;Esp0330
Forêt de Saint-Germain-en-Laye;P6;2005-10-15;V28;Esp0330
Forêt de Saint-Germain-en-Laye;P5;2004-10-02;V1;Esp0330
Forêt de Saint-Germain-en-Laye;P6;2004-10-22;V4;Esp0331
Forêt de Saint-Germain-en-Laye;P4;2005-09-26;V17;Esp0331
Forêt de Saint-Germain-en-Laye;P3;2005-10-05;V22;Esp0331
Forêt de Saint-Germain-en-Laye;P1;2005-10-03;V21;Esp0332
Forêt de Saint-Germain-en-Laye;P7;2005-08-30;V10;Esp0332
Forêt de Saint-Germain-en-Laye;P2;2004-11-08;V6;Esp0332
Forêt de Saint-Germain-en-Laye;P4;2005-09-13;V12;Esp0333
Forêt de Saint-Germain-en-Laye;P2;2005-10-15;V28;Esp0333
Forêt de Saint-Germain-en-Laye;P6;2005-09-14;V13;Esp0333
Forêt de Saint-Germain-en-Laye;P7;2005-09-14;V13;Esp0334
Forêt de Saint-Germain-en-Laye;P3;2005-09-16;V14;Esp0334
Forêt de Saint-Germain-en-Laye;P7;2005-09-29;V18;Esp0334
Forêt de Saint-Germain-en-Laye;P6;2005-10-10;V25;Esp0335
Forêt de Saint-Germain-en-Laye;P1;2005-09-30;V19;Esp0335
Forêt de Saint-Germain-en-Laye;P3;2004-10-22;V4;Esp0335
Forêt de Saint-Germain-en-Laye;P2;2005-10-10;V25;Esp0336
Forêt de Saint-Germain-en-Laye;P6;2005-09-20;V16;Esp0336
Forêt de Saint-Germain-en-Laye;P1;2005-10-12;V26;Esp0336
Forêt de Saint-Germain-en-Laye;P4;2005-10-16;V29;Esp0336
Forêt de Saint-Germain-en-Laye;P7;2005-10-07;V23;Esp0337
Forêt de Saint-Germain-en-Laye;P1;2005-10-10;V25;Esp0337
Forêt de Saint-Germain-en-Laye;P6;2005-11-12;V32;Esp0337
Forêt de Saint-Germain-en-Laye;P7;2005-10-12;V26;Esp0337
Forêt de Saint-Germain-en-Laye;P5;2005-08-28;V9;Esp0338
Forêt de Saint-Germain-en-Laye;P3;2005-10-07;V23;Esp0338
Forêt de Saint-Germain-en-Laye;P2;2005-09-26;V17;Esp0338
Forêt de Saint-Germain-en-Laye;P5;2005-10-18;V30;Esp0338
Forêt de Saint-Germain-en-Laye;P6;2005-09-13;V12;Esp0339
Forêt de Saint-Germain-en-Laye;P6;2005-09-29;V18;Esp0339
Forêt de Saint-Germain-en-Laye;P1;2005-09-11;V11;Esp0339
Forêt de Saint-Germain-en-Laye;P3;2005-10-12;V26;Esp0339
Forêt de Saint-Germain-en-Laye;P5;2005-08-25;V8;Esp0340
Forêt de Saint-Germain-en-Laye;P2;2005-09-30;V19;Esp0340
Forêt de Saint-Germain-en-Laye;P2;2005-10-05;V22;Esp0340
Forêt de Saint-Germain-en-Laye;P2;2004-10-29;V5;Esp0340
Forêt de Saint-Germain-en-Laye;P3;2005-10-16;V29;Esp0341
Forêt de Saint-Germain-en-Laye;P5;2005-10-05;V22;Esp0341
Forêt de Saint-Germain-en-Laye;P7;2005-08-30;V10;Esp0341
Forêt de Saint-Germain-en-Laye;P1;2005-10-18;V30;Esp0341
Forêt de Saint-Germain-en-Laye;P7;2005-08-25;V8;Esp0342
Forêt de Saint-Germain-en-Laye;P4;2005-10-10;V25;Esp0342
Forêt de Saint-Germain-en-Laye;P6;2004-11-08;V6;Esp0342
Forêt de Saint-Germain-en-Laye;P2;2005-10-03;V21;Esp0342
Forêt de Saint-Germain-en-Laye;P4;2004-11-08;V6;Esp0343
Forêt de Saint-Germain-en-Laye;P3;2005-11-12;V32;Esp0343
Forêt de Saint-Germain-en-Laye;P4;2005-10-15;V28;Esp0343
Forêt de Saint-Germain-en-Laye;P1;2005-10-16;V29;Esp0343
Forêt de Saint-Germain-en-Laye;P7;2005-08-30;V10;Esp0344
Forêt de Saint-Germain-en-Laye;P4;2005-10-08;V24;Esp0344
Forêt de Saint-Germain-en-Laye;P3;2004-11-08;V6;Esp0344
Forêt de Saint-Germain-en-Laye;P3;2005-10-14;V27;Esp0344
Forêt de Saint-Germain-en-Laye;P5;2005-10-01;V20;Esp0345
Forêt de Saint-Germain-en-Laye;P7;2005-09-30;V19;Esp0345
Forêt de Saint-Germain-en-Laye;P3;2005-10-08;V24;Esp0345
Forêt de Saint-Germain-en-Laye;P2;2004-10-29;V5;Esp0345
Forêt de Saint-Germain-en-Laye;P5;2005-09-30;V19;Esp0346
Forêt de Saint-Germain-en-Laye;P2;2005-09-11;V11;Esp0346
Forêt de Saint-Germain-en-Laye;P7;2004-10-17;V3;Esp0346
Forêt de Saint-Germain-en-Laye;P3;2005-10-15;V28;Esp0346
Forêt de Saint-Germain-en-Laye;P5;2005-10-14;V27;Esp0347
Forêt de Saint-Germain-en-Laye;P5;2004-10-17;V3;Esp0347
Forêt de Saint-Germain-en-Laye;P2;2004-10-29;V5;Esp0347
Forêt de Saint-Germain-en-Laye;P7;2005-09-16;V14;Esp0347
Forêt de Saint-Germain-en-Laye;P6;2005-09-26;V17;Esp0348
Forêt de Saint-Germain-en-Laye;P5;2005-10-03;V21;Esp0348
Forêt de Saint-Germain-en-Laye;P6;2005-10-07;V23;Esp0348
Forêt de Saint-Germain-en-Laye;P3;2005-09-16;V14;Esp0348
Forêt de Saint-Germain-en-Laye;P5;2005-09-11;V11;Esp0349
Forêt de Saint-Germain-en-Laye;P3;2004-10-17;V3;Esp0349
Forêt de Saint-Germain-en-Laye;P2;2005-09-26;V17;Esp0349
Forêt de Saint-Germain-en-Laye;P3;2005-08-23;V7;Esp0349
Forêt de Saint-Germain-en-Laye;P2;2005-10-03;V21;Esp0350
Forêt de Saint-Germain-en-Laye;P7;2005-10-01;V20;Esp0350
Forêt de Saint-Germain-en-Laye;P4;2005-10-20;V31;Esp0350
Forêt de Saint-Germain-en-Laye;P5;2005-09-11;V11;Esp0350
Forêt de Saint-Germain-en-Laye;P5;2004-10-17;V3;Esp0351
Forêt de Saint-Germain-en-Laye;P3;2005-10-05;V22;Esp0351
Forêt de Saint-Germain-en-Laye;P2;2004-10-02;V1;Esp0351
Forêt de Saint-Germain-en-Laye;P3;2005-09-11;V11;Esp0351
Forêt de Saint-Germain-en-Laye;P6;2005-09-26;V17;Esp0352
Forêt de Saint-Germain-en-Laye;P2;2005-10-01;V20;Esp0352
Forêt de Saint-Germain-en-Laye;P1;2005-09-13;V12;Esp0352
Forêt de Saint-Germain-en-Laye;P5;2005-10-20;V31;Esp0352
Forêt de Saint-Germain-en-Laye;P6;2005-10-12;V26;Esp0353
Forêt de Saint-Germain-en-Laye;P6;2005-09-29;V18;Esp0353
Forêt de Saint-Germain-en-Laye;P2;2004-11-08;V6;Esp0353
Forêt de Saint-Germain-en-Laye;P7;2005-10-20;V31;Esp0353
Forêt de Saint-Germain-en-Laye;P2;2005-09-14;V13;Esp0354
Forêt de Saint-Germain-en-Laye;P1;2005-09-20;V16;Esp0354
Forêt de Saint-Germain-en-Laye;P4;2005-10-01;V20;Esp0354
Forêt de Saint-Germain-en-Laye;P4;2005-10-03;V21;Esp0354
Forêt de Saint-Germain-en-Laye;P4;2005-09-26;V17;Esp0355
Forêt de Saint-Germain-en-Laye;P5;2005-08-23;V7;Esp0355
Forêt de Saint-Germain-en-Laye;P2;2005-10-15;V28;Esp0355
Forêt de Saint-Germain-en-Laye;P7;2005-09-14;V13;Esp0355
Forêt de Saint-Germain-en-Laye;P5;2005-10-08;V24;Esp0356
Forêt de Saint-Germain-en-Laye;P1;2005-10-12;V26;Esp0356
Forêt de Saint-Germain-en-Laye;P3;2005-08-28;V9;Esp0356
Forêt de Saint-Germain-en-Laye;P5;2004-11-08;V6;Esp0356
Forêt de Saint-Germain-en-Laye;P6;2005-08-25;V8;Esp0357
Forêt de Saint-Germain-en-Laye;P2;2005-09-18;V15;Esp0357
Forêt de Saint-Germain-en-Laye;P6;2005-10-12;V26;Esp0357
Forêt de Saint-Germain-en-Laye;P5;2005-09-26;V17;Esp0357
Forêt de Saint-Germain-en-Laye;P6;2005-09-18;V15;Esp0358
Forêt de Saint-Germain-en-Laye;P3;2005-09-20;V16;Esp0358
Forêt de Saint-Germain-en-Laye;P4;2005-08-30;V10;Esp0358
Forêt de Saint-Germain-en-Laye;P5;2004-10-02;V1;Esp0358
Forêt de Saint-Germain-en-Laye;P3;2005-09-18;V15;Esp0359
Forêt de Saint-Germain-en-Laye;P5;2005-09-26;V17;Esp0359
Forêt de Saint-Germain-en-Laye;P5;2005-09-11;V11;Esp0359
Forêt de Saint-Germain-en-Laye;P1;2004-10-02;V1;Esp0359
Forêt de Saint-Germain-en-Laye;P5;2005-08-28;V9;Esp0360
Forêt de Saint-Germain-en-Laye;P7;2005-10-12;V26;Esp0360
Forêt de Saint-Germain-en-Laye;P5;2005-10-14;V27;Esp0360
Forêt de Saint-Germain-en-Laye;P6;2005-10-07;V23;Esp0360
Forêt de Saint-Germain-en-Laye;P6;2005-10-15;V28;Esp0361
Forêt de Saint-Germain-en-Laye;P2;2005-08-25;V8;Esp0361
Forêt de Saint-Germain-en-Laye;P7;2005-10-03;V21;Esp0361
Forêt de Saint-Germain-en-Laye;P5;2005-10-16;V29;Esp0361
Forêt de Saint-Germain-en-Laye;P7;2005-10-16;V29;Esp0362
Forêt de Saint-Germain-en-Laye;P1;2005-09-29;V18;Esp0362
Forêt de Saint-Germain-en-Laye;P2;2004-11-08;V6;Esp0362
Forêt de Saint-Germain-en-Laye;P3;2005-10-01;V20;Esp0362
Forêt de Saint-Germain-en-Laye;P4;2004-10-29;V5;Esp0363
Forêt de Saint-Germain-en-Laye;P2;2005-11-12;V32;Esp0363
Forêt de Saint-Germain-en-Laye;P3;2005-08-25;V8;Esp0363
Forêt de Saint-Germain-en-Laye;P3;2005-09-29;V18;Esp0363
Forêt de Saint-Germain-en-Laye;P7;2005-09-18;V15;Esp0364
Forêt de Saint-Germain-en-Laye;P1;2005-09-30;V19;Esp0364
Forêt de Saint-Germain-en-Laye;P6;2005-10-10;V25;Esp0364
Forêt de Saint-Germain-en-Laye;P7;2005-10-07;V23;Esp0364
Forêt de Saint-Germain-en-Laye;P4;2005-10-01;V20;Esp0365
Forêt de Saint-Germain-en-Laye;P4;2004-10-22;V4;Esp0365
Forêt de Saint-Germain-en-Laye;P7;2005-11-12;V32;Esp0365
Forêt de Saint-Germain-en-Laye;P3;2004-10-10;V2;Esp0365
Forêt de Saint-Germain-en-Laye;P2;2005-08-28;V9;Esp0366
Forêt de Saint-Germain-en-Laye;P7;2005-09-29;V18;Esp0366
Forêt de Saint-Germain-en-Laye;P4;2005-08-30;V10;Esp0366
Forêt de Saint-Germain-en-Laye;P3;2005-10-15;V28;Esp0366
Forêt de Saint-Germain-en-Laye;P5;2004-10-17;V3;Esp0367
Forêt de Saint-Germain-en-Laye;P4;2004-10-22;V4;Esp0367
Forêt de Saint-Germain-en-Laye;P7;2005-09-13;V12;Esp0367
Forêt de Saint-Germain-en-Laye;P3;2005-09-30;V19;Esp0367
Forêt de Saint-Germain-en-Laye;P1;2005-10-16;V29;Esp0368
Forêt de Saint-Germain-en-Laye;P3;2005-08-30;V10;Esp0368
Forêt de Saint-Germain-en-Laye;P5;2005-10-12;V26;Esp0368
Forêt de Saint-Germain-en-Laye;P7;2004-10-10;V2;Esp0368
Forêt de Saint-Germain-en-Laye;P2;2004-10-22;V4;Esp0369
Forêt de Saint-Germain-en-Laye;P7;2005-10-16;V29;Esp0369
Forêt de Saint-Germain-en-Laye;P5;2005-11-12;V32;Esp0369
Forêt de Saint-Germain-en-Laye;P5;2005-10-20;V31;Esp0369
Forêt de Saint-Germain-en-Laye;P7;2005-10-03;V21;Esp0370
Forêt de Saint-Germain-en-Laye;P4;2005-08-28;V9;Esp0370
Forêt de Saint-Germain-en-Laye;P2;2004-11-08;V6;Esp0370
Forêt de Saint-Germain-en-Laye;P7;2005-10-15;V28;Esp0370
Forêt de Saint-Germain-en-Laye;P1;2004-10-22;V4;Esp0371
Forêt de Saint-Germain-en-Laye;P2;2005-08-25;V8;Esp0371
Forêt de Saint-Germain-en-Laye;P3;2005-10-08;V24;Esp0371
Forêt de Saint-Germain-en-Laye;P3;2005-10-14;V27;Esp0371
Forêt de Saint-Germain-en-Laye;P2;2005-10-10;V25;Esp0371
Forêt de Saint-Germain-en-Laye;P2;2005-10-12;V26;Esp0372
Forêt de Saint-Germain-en-Laye;P7;2005-08-30;V10;Esp0372
Forêt de Saint-Germain-en-Laye;P5;2005-11-12;V32;Esp0372
Forêt de Saint-Germain-en-Laye;P4;2005-08-28;V9;Esp0372
Forêt de Saint-Germain-en-Laye;P3;2004-10-10;V2;Esp0372
Forêt de Saint-Germain-en-Laye;P4;2005-08-25;V8;Esp0373
Forêt de Saint-Germain-en-Laye;P5;2005-08-23;V7;Esp0373
Forêt de Saint-Germain-en-Laye;P6;2005-11-12;V32;Esp0373
Forêt de Saint-Germain-en-Laye;P2;2005-10-05;V22;Esp0373
Forêt de Saint-Germain-en-Laye;P2;2005-09-26;V17;Esp0373
Forêt de Saint-Germain-en-Laye;P1;2005-09-26;V17;Esp0374
Forêt de Saint-Germain-en-Laye;P5;2005-08-25;V8;Esp0374
Forêt de Saint-Germain-en-Laye;P7;2005-09-14;V13;Esp0374
Forêt de Saint-Germain-en-Laye;P3;2005-09-30;V19;Esp0374
Forêt de Saint-Germain-en-Laye;P3;2005-09-13;V12;Esp0374
Forêt de Saint-Germain-en-Laye;P5;2004-10-10;V2;Esp0375
Forêt de Saint-Germain-en-Laye;P7;2005-10-03;V21;Esp0375
Forêt de Saint-Germain-en-Laye;P5;2005-10-15;V28;Esp0375
Forêt de Saint-Germain-en-Laye;P2;2004-10-22;V4;Esp0375
Forêt de Saint-Germain-en-Laye;P7;2005-08-30;V10;Esp0375
Forêt de Saint-Germain-en-Laye;P5;2005-11-12;V32;Esp0376
Forêt de Saint-Germain-en-Laye;P6;2005-10-18;V30;Esp0376
Forêt de Saint-Germain-en-Laye;P5;2005-10-01;V20;Esp0376
Forêt de Saint-Germain-en-Laye;P2;2005-09-11;V11;Esp0376
Forêt de Saint-Germain-en-Laye;P1;2004-10-10;V2;Esp0376
Forêt de Saint-Germain-en-Laye;P4;2004-10-10;V2;Esp0377
Forêt de Saint-Germain-en-Laye;P2;2005-10-08;V24;Esp0377
Forêt de Saint-Germain-en-Laye;P3;2005-09-26;V17;Esp0377
Forêt de Saint-Germain-en-Laye;P6;2005-09-30;V19;Esp0377
Forêt de Saint-Germain-en-Laye;P1;2005-10-16;V29;Esp0377
Forêt de Saint-Germain-en-Laye;P2;2005-09-30;V19;Esp0378
Forêt de Saint-Germain-en-Laye;P7;2004-11-08;V6;Esp0378
Forêt de Saint-Germain-en-Laye;P5;2005-11-12;V32;Esp0378
Forêt de Saint-Germain-en-Laye;P2;2005-10-01;V20;Esp0378
Forêt de Saint-Germain-en-Laye;P4;2005-09-13;V12;Esp0378
Forêt de Saint-Germain-en-Laye;P6;2005-10-14;V27;Esp0379
Forêt de Saint-Germain-en-Laye;P3;2005-10-12;V26;Esp0379
Forêt de Saint-Germain-en-Laye;P4;2005-08-25;V8;Esp0379
Forêt de Saint-Germain-en-Laye;P2;2005-11-12;V32;Esp0379
Forêt de Saint-Germain-en-Laye;P1;2005-09-14;V13;Esp0379
Forêt de Saint-Germain-en-Laye;P4;2004-10-17;V3;Esp0380
Forêt de Saint-Germain-en-Laye;P4;2004-10-29;V5;Esp0380
Forêt de Saint-Germain-en-Laye;P7;2005-10-03;V21;Esp0380
Forêt de Saint-Germain-en-Laye;P6;2005-09-29;V18;Esp0380
Forêt de Saint-Germain-en-Laye;P1;2005-10-12;V26;Esp0380
Forêt de Saint-Germain-en-Laye;P6;2005-11-12;V32;Esp0381
Forêt de Saint-Germain-en-Laye;P5;2005-09-26;V17;Esp0381
Forêt de Saint-Germain-en-Laye;P2;2005-10-08;V24;Esp0381
Forêt de Saint-Germain-en-Laye;P2;2005-09-18;V15;Esp0381
Forêt de Saint-Germain-en-Laye;P6;2005-09-14;V13;Esp0381
Forêt de Saint-Germain-en-Laye;P5;2005-09-29;V18;Esp0382
Forêt de Saint-Germain-en-Laye;P2;2005-09-26;V17;Esp0382
Forêt de Saint-Germain-en-Laye;P4;2005-10-15;V28;Esp0382
Forêt de Saint-Germain-en-Laye;P3;2005-09-20;V16;Esp0382
Forêt de Saint-Germain-en-Laye;P2;2005-10-20;V31;Esp0382
Forêt de Saint-Germain-en-Laye;P2;2005-10-15;V28;Esp0383
Forêt de Saint-Germain-en-Laye;P2;2005-10-08;V24;Esp0383
Forêt de Saint-Germain-en-Laye;P2;2005-09-16;V14;Esp0383
Forêt de Saint-Germain-en-Laye;P7;2004-11-08;V6;Esp0383
Forêt de Saint-Germain-en-Laye;P1;2005-08-30;V10;Esp0383
Forêt de Saint-Germain-en-Laye;P3;2005-10-15;V28;Esp0384
Forêt de Saint-Germain-en-Laye;P6;2005-11-12;V32;Esp0384
Forêt de Saint-Germain-en-Laye;P4;2005-09-11;V11;Esp0384
Forêt de Saint-Germain-en-Laye;P3;2004-10-17;V3;Esp0384
Forêt de Saint-Germain-en-Laye;P2;2005-10-12;V26;Esp0384
Forêt de Saint-Germain-en-Laye;P5;2005-09-29;V18;Esp0385
Forêt de Saint-Germain-en-Laye;P4;2005-09-30;V19;Esp0385
Forêt de Saint-Germain-en-Laye;P7;2005-10-07;V23;Esp0385
Forêt de Saint-Germain-en-Laye;P3;2005-10-10;V25;Esp0385
Forêt de Saint-Germain-en-Laye;P5;2004-10-10;V2;Esp0385
Forêt de Saint-Germain-en-Laye;P2;2005-09-30;V19;Esp0386
Forêt de Saint-Germain-en-Laye;P3;2005-10-05;V22;Esp0386
Forêt de Saint-Germain-en-Laye;P7;2005-08-25;V8;Esp0386
Forêt de Saint-Germain-en-Laye;P2;2004-10-02;V1;Esp0386
Forêt de Saint-Germain-en-Laye;P2;2004-10-22;V4;Esp0386
Forêt de Saint-Germain-en-Laye;P5;2004-10-17;V3;Esp0387
Forêt de Saint-Germain-en-Laye;P2;2005-11-12;V32;Esp0387
Forêt de Saint-Germain-en-Laye;P6;2005-09-26;V17;Esp0387
Forêt de Saint-Germain-en-Laye;P4;2005-10-07;V23;Esp0387
Forêt de Saint-Germain-en-Laye;P7;2005-10-16;V29;Esp0387
Forêt de Saint-Germain-en-Laye;P1;2004-10-29;V5;Esp0388
Forêt de Saint-Germain-en-Laye;P4;2005-09-20;V16;Esp0388
Forêt de Saint-Germain-en-Laye;P7;2005-10-18;V30;Esp0388
Forêt de Saint-Germain-en-Laye;P4;2005-09-26;V17;Esp0388
Forêt de Saint-Germain-en-Laye;P3;2005-09-18;V15;Esp0388
Forêt de Saint-Germain-en-Laye;P7;2005-09-16;V14;Esp0389
Forêt de Saint-Germain-en-Laye;P1;2004-10-29;V5;Esp0389
Forêt de Saint-Germain-en-Laye;P7;2005-10-20;V31;Esp0389
Forêt de Saint-Germain-en-Laye;P6;2005-10-16;V29;Esp0389
Forêt de Saint-Germain-en-Laye;P3;2004-11-08;V6;Esp0389
Forêt de Saint-Germain-en-Laye;P5;2005-09-18;V15;Esp0390
Forêt de Saint-Germain-en-Laye;P3;2004-10-17;V3;Esp0390
Forêt de Saint-Germain-en-Laye;P3;2005-10-18;V30;Esp0390
Forêt de Saint-Germain-en-Laye;P7;2005-09-13;V12;Esp0390
Forêt de Saint-Germain-en-Laye;P4;2004-10-29;V5;Esp0390
Forêt de Saint-Germain-en-Laye;P1;2005-10-20;V31;Esp0391
Forêt de Saint-Germain-en-Laye;P2;2005-09-29;V18;Esp0391
Forêt de Saint-Germain-en-Laye;P4;2005-10-18;V30;Esp0391
Forêt de Saint-Germain-en-Laye;P7;2005-10-08;V24;Esp0391
Forêt de Saint-Germain-en-Laye;P1;2004-11-08;V6;Esp0391
Forêt de Saint-Germain-en-Laye;P4;2004-10-10;V2;Esp0392
Forêt de Saint-Germain-en-Laye;P5;2005-09-13;V12;Esp0392
Forêt de Saint-Germain-en-Laye;P3;2005-10-01;V20;Esp0392
Forêt de Saint-Germain-en-Laye;P1;2005-10-10;V25;Esp0392
Forêt de Saint-Germain-en-Laye;P4;2005-09-16;V14;Esp0392
Forêt de Saint-Germain-en-Laye;P1;2005-11-12;V32;Esp0393
Forêt de Saint-Germain-en-Laye;P4;2005-10-08;V24;Esp0393
Forêt de Saint-Germain-en-Laye;P1;2005-08-23;V7;Esp0393
Forêt de Saint-Germain-en-Laye;P2;2005-09-14;V13;Esp0393
Forêt de Saint-Germain-en-Laye;P3;2004-10-10;V2;Esp0393
Forêt de Saint-Germain-en-Laye;P5;2005-10-01;V20;Esp0394
Forêt de Saint-Germain-en-Laye;P2;2005-09-20;V16;Esp0394
Forêt de Saint-Germain-en-Laye;P1;2005-09-18;V15;Esp0394
Forêt de Saint-Germain-en-Laye;P5;2005-10-18;V30;Esp0394
Forêt de Saint-Germain-en-Laye;P3;2005-09-11;V11;Esp0394
Forêt de Saint-Germain-en-Laye;P2;2005-11-12;V32;Esp0395
Forêt de Saint-Germain-en-Laye;P5;2004-10-10;V2;Esp0395
Forêt de Saint-Germain-en-Laye;P2;2005-10-07;V23;Esp0395
Forêt de Saint-Germain-en-Laye;P7;2005-10-12;V26;Esp0395
Forêt de Saint-Germain-en-Laye;P4;2005-09-11;V11;Esp0395
Forêt de Saint-Germain-en-Laye;P1;2005-10-10;V25;Esp0396
Forêt de Saint-Germain-en-Laye;P3;2005-10-15;V28;Esp0396
Forêt de Saint-Germain-en-Laye;P4;2005-10-18;V30;Esp0396
Forêt de Saint-Germain-en-Laye;P2;2005-09-14;V13;Esp0396
Forêt de Saint-Germain-en-Laye;P6;2005-09-18;V15;Esp0396
Forêt de Saint-Germain-en-Laye;P3;2004-10-17;V3;Esp0396
Forêt de Saint-Germain-en-Laye;P1;2005-09-29;V18;Esp0397
Forêt de Saint-Germain-en-Laye;P1;2005-09-18;V15;Esp0397
Forêt de Saint-Germain-en-Laye;P6;2005-08-28;V9;Esp0397
Forêt de Saint-Germain-en-Laye;P7;2005-09-30;V19;Esp0397
Forêt de Saint-Germain-en-Laye;P4;2005-09-13;V12;Esp0397
Forêt de Saint-Germain-en-Laye;P2;2004-10-29;V5;Esp0397
Forêt de Saint-Germain-en-Laye;P5;2005-11-12;V32;Esp0398
Forêt de Saint-Germain-en-Laye;P4;2005-09-18;V15;Esp0398
Forêt de Saint-Germain-en-Laye;P3;2005-08-28;V9;Esp0398
Forêt de Saint-Germain-en-Laye;P7;2005-09-11;V11;Esp0398
Forêt de Saint-Germain-en-Laye;P1;2005-10-16;V29;Esp0398
Forêt de Saint-Germain-en-Laye;P6;2005-10-20;V31;Esp0398
Forêt de Saint-Germain-en-Laye;P3;2004-10-22;V4;Esp0399
Forêt de Saint-Germain-en-Laye;P5;2005-08-28;V9;Esp0399
Forêt de Saint-Germain-en-Laye;P5;2005-09-26;V17;Esp0399
Forêt de Saint-Germain-en-Laye;P2;2005-10-10;V25;Esp0399
Forêt de Saint-Germain-en-Laye;P1;2005-08-30;V10;Esp0399
Forêt de Saint-Germain-en-Laye;P3;2005-09-14;V13;Esp0399
Forêt de Saint-Germain-en-Laye;P4;2004-10-02;V1;Esp0400
Forêt de Saint-Germain-en-Laye;P2;2005-09-26;V17;Esp0400
Forêt de Saint-Germain-en-Laye;P3;2005-09-30;V19;Esp0400
Forêt de Saint-Germain-en-Laye;P5;2005-10-20;V31;Esp0400
Forêt de Saint-Germain-en-Laye;P4;2005-10-08;V24;Esp0400
Forêt de Saint-Germain-en-Laye;P2;2005-08-28;V9;Esp0400
Forêt de Saint-Germain-en-Laye;P6;2005-08-25;V8;Esp0401
Forêt de Saint-Germain-en-Laye;P6;2005-10-03;V21;Esp0401
Forêt de Saint-Germain-en-Laye;P2;2005-09-16;V14;Esp0401
Forêt de Saint-Germain-en-Laye;P1;2005-10-18;V30;Esp0401
Forêt de Saint-Germain-en-Laye;P4;2005-10-08;V24;Esp0401
Forêt de Saint-Germain-en-Laye;P7;2005-10-16;V29;Esp0401
Forêt de Saint-Germain-en-Laye;P6;2004-11-08;V6;Esp0402
Forêt de Saint-Germain-en-Laye;P3;2004-10-22;V4;Esp0402
Forêt de Saint-Germain-en-Laye;P7;2005-10-14;V27;Esp0402
Forêt de Saint-Germain-en-Laye;P1;2005-08-28;V9;Esp0402
Forêt de Saint-Germain-en-Laye;P2;2005-08-30;V10;Esp0402
Forêt de Saint-Germain-en-Laye;P6;2005-10-20;V31;Esp0402
Forêt de Saint-Germain-en-Laye;P3;2004-11-08;V6;Esp0403
Forêt de Saint-Germain-en-Laye;P1;2004-10-29;V5;Esp0403
Forêt de Saint-Germain-en-Laye;P6;2005-09-16;V14;Esp0403
Forêt de Saint-Germain-en-Laye;P7;2004-10-02;V1;Esp0403
Forêt de Saint-Germain-en-Laye;P4;2005-09-26;V17;Esp0403
Forêt de Saint-Germain-en-Laye;P4;2005-09-13;V12;Esp0403
Forêt de Saint-Germain-en-Laye;P1;2005-10-08;V24;Esp0404
Forêt de Saint-Germain-en-Laye;P1;2005-08-25;V8;Esp0404
Forêt de Saint-Germain-en-Laye;P3;2005-08-28;V9;Esp0404
Forêt de Saint-Germain-en-Laye;P6;2004-11-08;V6;Esp0404
Forêt de Saint-Germain-en-Laye;P4;2005-09-18;V15;Esp0404
Forêt de Saint-Germain-en-Laye;P6;2005-10-01;V20;Esp0404
Forêt de Saint-Germain-en-Laye;P1;2005-08-30;V10;Esp0405
Forêt de Saint-Germain-en-Laye;P4;2005-09-16;V14;Esp0405
Forêt de Saint-Germain-en-Laye;P7;2005-10-01;V20;Esp0405
Forêt de Saint-Germain-en-Laye;P6;2005-09-18;V15;Esp0405
Forêt de Saint-Germain-en-Laye;P4;2005-09-20;V16;Esp0405
Forêt de Saint-Germain-en-Laye;P6;2005-10-03;V21;Esp0405
Forêt de Saint-Germain-en-Laye;P1;2005-10-01;V20;Esp0406
Forêt de Saint-Germain-en-Laye;P3;2004-11-08;V6;Esp0406
Forêt de Saint-Germain-en-Laye;P3;2005-08-25;V8;Esp0406
Forêt de Saint-Germain-en-Laye;P1;2005-10-05;V22;Esp0406
Forêt de Saint-Germain-en-Laye;P2;2005-10-14;V27;Esp0406
Forêt de Saint-Germain-en-Laye;P3;2005-10-16;V29;Esp0406
Forêt de Saint-Germain-en-Laye;P3;2005-09-29;V18;Esp0407
Forêt de Saint-Germain-en-Laye;P1;2004-10-02;V1;Esp0407
Forêt de Saint-Germain-en-Laye;P3;2005-10-07;V23;Esp0407
Forêt de Saint-Germain-en-Laye;P1;2005-08-30;V10;Esp0407
Forêt de Saint-Germain-en-Laye;P1;2005-09-16;V14;Esp0407
Forêt de Saint-Germain-en-Laye;P3;2005-11-12;V32;Esp0407
Forêt de Saint-Germain-en-Laye;P2;2005-09-29;V18;Esp0408
Forêt de Saint-Germain-en-Laye;P1;2005-10-18;V30;Esp0408
Forêt de Saint-Germain-en-Laye;P7;2005-09-18;V15;Esp0408
Forêt de Saint-Germain-en-Laye;P6;2004-10-02;V1;Esp0408
Forêt de Saint-Germain-en-Laye;P2;2005-08-23;V7;Esp0408
Forêt de Saint-Germain-en-Laye;P6;2005-09-30;V19;Esp0408
Forêt de Saint-Germain-en-Laye;P5;2004-10-02;V1;Esp0409
Forêt de Saint-Germain-en-Laye;P1;2005-10-12;V26;Esp0409
Forêt de Saint-Germain-en-Laye;P6;2004-10-17;V3;Esp0409
Forêt de Saint-Germain-en-Laye;P1;2005-09-26;V17;Esp0409
Forêt de Saint-Germain-en-Laye;P7;2005-10-01;V20;Esp0409
Forêt de Saint-Germain-en-Laye;P2;2004-11-08;V6;Esp0409
Forêt de Saint-Germain-en-Laye;P4;2005-10-07;V23;Esp0410
Forêt de Saint-Germain-en-Laye;P4;2005-10-18;V30;Esp0410
Forêt de Saint-Germain-en-Laye;P7;2005-09-11;V11;Esp0410
Forêt de Saint-Germain-en-Laye;P7;2004-10-02;V1;Esp0410
Forêt de Saint-Germain-en-Laye;P6;2005-11-12;V32;Esp0410
Forêt de Saint-Germain-en-Laye;P2;2005-10-14;V27;Esp0410
Forêt de Saint-Germain-en-Laye;P3;2005-10-01;V20;Esp0411
Forêt de Saint-Germain-en-Laye;P7;2005-10-10;V25;Esp0411
Forêt de Saint-Germain-en-Laye;P5;2005-11-12;V32;Esp0411
Forêt de Saint-Germain-en-Laye;P6;2005-10-05;V22;Esp0411
Forêt de Saint-Germain-en-Laye;P5;2005-09-11;V11;Esp0411
Forêt de Saint-Germain-en-Laye;P5;2005-09-26;V17;Esp0411
Forêt de Saint-Germain-en-Laye;P7;2005-10-07;V23;Esp0412
Forêt de Saint-Germain-en-Laye;P2;2005-09-11;V11;Esp0412
Forêt de Saint-Germain-en-Laye;P1;2005-09-18;V15;Esp0412
Forêt de Saint-Germain-en-Laye;P3;2005-10-05;V22;Esp0412
Forêt de Saint-Germain-en-Laye;P3;2005-08-23;V7;Esp0412
Forêt de Saint-Germain-en-Laye;P1;2004-10-02;V1;Esp0412
Forêt de Saint-Germain-en-Laye;P7;2005-09-26;V17;Esp0413
Forêt de Saint-Germain-en-Laye;P5;2005-10-01;V20;Esp0413
Forêt de Saint-Germain-en-Laye;P3;2005-09-30;V19;Esp0413
Forêt de Saint-Germain-en-Laye;P5;2005-08-23;V7;Esp0413
Forêt de Saint-Germain-en-Laye;P3;2005-10-15;V28;Esp0413
Forêt de Saint-Germain-en-Laye;P7;2005-09-29;V18;Esp0413
Forêt de Saint-Germain-en-Laye;P2;2005-11-12;V32;Esp0414
Forêt de Saint-Germain-en-Laye;P1;2005-08-25;V8;Esp0414
Forêt de Saint-Germain-en-Laye;P2;2005-10-16;V29;Esp0414
Forêt de Saint-Germain-en-Laye;P4;2004-10-22;V4;Esp0414
Forêt de Saint-Germain-en-Laye;P1;2005-09-16;V14;Esp0414
Forêt de Saint-Germain-en-Laye;P2;2005-09-20;V16;Esp0414
Forêt de Saint-Germain-en-Laye;P4;2004-10-29;V5;Esp0414
Forêt de Saint-Germain-en-Laye;P6;2005-10-14;V27;Esp0415
Forêt de Saint-Germain-en-Laye;P6;2005-08-28;V9;Esp0415
Forêt de Saint-Germain-en-Laye;P6;2005-10-18;V30;Esp0415
Forêt de Saint-Germain-en-Laye;P6;2005-10-16;V29;Esp0415
Forêt de Saint-Germain-en-Laye;P3;2005-09-13;V12;Esp0415
Forêt de Saint-Germain-en-Laye;P2;2005-10-05;V22;Esp0415
Forêt de Saint-Germain-en-Laye;P1;2005-10-03;V21;Esp0415
Forêt de Saint-Germain-en-Laye;P2;2005-09-26;V17;Esp0416
Forêt de Saint-Germain-en-Laye;P7;2005-10-16;V29;Esp0416
Forêt de Saint-Germain-en-Laye;P1;2005-10-20;V31;Esp0416
Forêt de Saint-Germain-en-Laye;P7;2005-09-16;V14;Esp0416
Forêt de Saint-Germain-en-Laye;P2;2005-08-23;V7;Esp0416
Forêt de Saint-Germain-en-Laye;P4;2004-10-10;V2;Esp0416
Forêt de Saint-Germain-en-Laye;P4;2005-08-25;V8;Esp0416
Forêt de Saint-Germain-en-Laye;P7;2005-10-10;V25;Esp0417
Forêt de Saint-Germain-en-Laye;P6;2005-10-20;V31;Esp0417
Forêt de Saint-Germain-en-Laye;P1;2005-10-15;V28;Esp0417
Forêt de Saint-Germain-en-Laye;P2;2005-10-07;V23;Esp0417
Forêt de Saint-Germain-en-Laye;P5;2004-10-22;V4;Esp0417
Forêt de Saint-Germain-en-Laye;P1;2005-10-12;V26;Esp0417
Forêt de Saint-Germain-en-Laye;P1;2004-10-02;V1;Esp0417
Forêt de Saint-Germain-en-Laye;P2;2005-09-13;V12;Esp0418
Forêt de Saint-Germain-en-Laye;P4;2005-09-14;V13;Esp0418
Forêt de Saint-Germain-en-Laye;P1;2005-10-03;V21;Esp0418
Forêt de Saint-Germain-en-Laye;P6;2005-09-18;V15;Esp0418
Forêt de Saint-Germain-en-Laye;P6;2005-09-11;V11;Esp0418
Forêt de Saint-Germain-en-Laye;P3;2004-10-10;V2;Esp0418
Forêt de Saint-Germain-en-Laye;P6;2005-10-14;V27;Esp0418
Forêt de Saint-Germain-en-Laye;P1;2005-10-16;V29;Esp0419
Forêt de Saint-Germain-en-Laye;P4;2005-10-14;V27;Esp0419
Forêt de Saint-Germain-en-Laye;P7;2005-10-01;V20;Esp0419
Forêt de Saint-Germain-en-Laye;P1;2004-11-08;V6;Esp0419
Forêt de Saint-Germain-en-Laye;P6;2005-10-10;V25;Esp0419
Forêt de Saint-Germain-en-Laye;P3;2005-09-18;V15;Esp0419
Forêt de Saint-Germain-en-Laye;P4;2005-09-30;V19;Esp0419
Forêt de Saint-Germain-en-Laye;P3;2005-09-18;V15;Esp0420
Forêt de Saint-Germain-en-Laye;P7;2005-10-07;V23;Esp0420
Forêt de Saint-Germain-en-Laye;P1;2005-08-23;V7;Esp0420
Forêt de Saint-Germain-en-Laye;P4;2005-09-16;V14;Esp0420
Forêt de Saint-Germain-en-Laye;P5;2004-10-02;V1;Esp0420
Forêt de Saint-Germain-en-Laye;P6;2005-10-14;V27;Esp0420
Forêt de Saint-Germain-en-Laye;P4;2005-08-25;V8;Esp0420
Forêt de Saint-Germain-en-Laye;P5;2005-10-03;V21;Esp0421
Forêt de Saint-Germain-en-Laye;P3;2005-09-20;V16;Esp0421
Forêt de Saint-Germain-en-Laye;P4;2004-11-08;V6;Esp0421
Forêt de Saint-Germain-en-Laye;P4;2005-09-13;V12;Esp0421
Forêt de Saint-Germain-en-Laye;P4;2005-09-18;V15;Esp0421
Forêt de Saint-Germain-en-Laye;P7;2005-10-10;V25;Esp0421
Forêt de Saint-Germain-en-Laye;P1;2005-09-14;V13;Esp0421
Forêt de Saint-Germain-en-Laye;P3;2005-10-12;V26;Esp0422
Forêt de Saint-Germain-en-Laye;P3;2004-10-22;V4;Esp0422
Forêt de Saint-Germain-en-Laye;P2;2005-09-13;V12;Esp0422
Forêt de Saint-Germain-en-Laye;P1;2005-10-08;V24;Esp0422
Forêt de Saint-Germain-en-Laye;P7;2005-10-20;V31;Esp0422
Forêt de Saint-Germain-en-Laye;P3;2005-10-05;V22;Esp0422
Forêt de Saint-Germain-en-Laye;P7;2005-08-30;V10;Esp0422
Forêt de Saint-Germain-en-Laye;P4;2004-10-02;V1;Esp0423
Forêt de Saint-Germain-en-Laye;P5;2005-08-25;V8;Esp0423
Forêt de Saint-Germain-en-Laye;P1;2005-08-28;V9;Esp0423
Forêt de Saint-Germain-en-Laye;P7;2005-08-23;V7;Esp0423
Forêt de Saint-Germain-en-Laye;P7;2005-09-14;V13;Esp0423
Forêt de Saint-Germain-en-Laye;P4;2005-10-18;V30;Esp0423
Forêt de Saint-Germain-en-Laye;P3;2005-09-29;V18;Esp0423
Forêt de Saint-Germain-en-Laye;P3;2005-09-30;V19;Esp0424
Forêt de Saint-Germain-en-Laye;P5;2005-08-30;V10;Esp0424
Forêt de Saint-Germain-en-Laye;P3;2004-10-10;V2;Esp0424
Forêt de Saint-Germain-en-Laye;P2;2005-09-29;V18;Esp0424
Forêt de Saint-Germain-en-Laye;P6;2005-10-08;V24;Esp0424
Forêt de Saint-Germain-en-Laye;P5;2005-10-18;V30;Esp0424
Forêt de Saint-Germain-en-Laye;P1;2004-10-22;V4;Esp0424
Forêt de Saint-Germain-en-Laye;P5;2005-09-26;V17;Esp0425
Forêt de Saint-Germain-en-Laye;P2;2005-10-20;V31;Esp0425
Forêt de Saint-Germain-en-Laye;P1;2005-10-05;V22;Esp0425
Forêt de Saint-Germain-en-Laye;P4;2004-11-08;V6;Esp0425
Forêt de Saint-Germain-en-Laye;P2;2005-09-20;V16;Esp0425
Forêt de Saint-Germain-en-Laye;P6;2005-08-25;V8;Esp0425
Forêt de Saint-Germain-en-Laye;P5;2004-10-10;V2;Esp0425
Forêt de Saint-Germain-en-Laye;P3;2005-09-18;V15;Esp0426
Forêt de Saint-Germain-en-Laye;P2;2005-09-14;V13;Esp0426
Forêt de Saint-Germain-en-Laye;P1;2005-10-08;V24;Esp0426
Forêt de Saint-Germain-en-Laye;P7;2005-11-12;V32;Esp0426
Forêt de Saint-Germain-en-Laye;P6;2005-10-12;V26;Esp0426
Forêt de Saint-Germain-en-Laye;P5;2005-09-29;V18;Esp0426
Forêt de Saint-Germain-en-Laye;P3;2004-11-08;V6;Esp0426
Forêt de Saint-Germain-en-Laye;P2;2005-10-16;V29;Esp0427
Forêt de Saint-Germain-en-Laye;P7;2004-10-17;V3;Esp0427
Forêt de Saint-Germain-en-Laye;P2;2005-09-16;V14;Esp0427
Forêt de Saint-Germain-en-Laye;P5;2005-08-30;V10;Esp0427
Forêt de Saint-Germain-en-Laye;P1;2005-10-20;V31;Esp0427
Forêt de Saint-Germain-en-Laye;P7;2005-10-08;V24;Esp0427
Forêt de Saint-Germain-en-Laye;P6;2005-11-12;V32;Esp0427
Forêt de Saint-Germain-en-Laye;P4;2005-10-08;V24;Esp0428
Forêt de Saint-Germain-en-Laye;P4;2005-10-15;V28;Esp0428
Forêt de Saint-Germain-en-Laye;P7;2005-08-30;V10;Esp0428
Forêt de Saint-Germain-en-Laye;P2;2005-10-14;V27;Esp0428
Forêt de Saint-Germain-en-Laye;P6;2005-09-26;V17;Esp0428
Forêt de Saint-Germain-en-Laye;P5;2005-09-16;V14;Esp0428
Forêt de Saint-Germain-en-Laye;P2;2005-09-13;V12;Esp0428
Forêt de Saint-Germain-en-Laye;P3;2005-08-28;V9;Esp0429
Forêt de Saint-Germain-en-Laye;P4;2005-09-14;V13;Esp0429
Forêt de Saint-Germain-en-Laye;P3;2005-08-25;V8;Esp0429
Forêt de Saint-Germain-en-Laye;P3;2005-10-01;V20;Esp0429
Forêt de Saint-Germain-en-Laye;P1;2005-10-14;V27;Esp0429
Forêt de Saint-Germain-en-Laye;P7;2005-10-07;V23;Esp0429
Forêt de Saint-Germain-en-Laye;P2;2005-10-05;V22;Esp0429
Forêt de Saint-Germain-en-Laye;P4;2005-11-12;V32;Esp0429
Forêt de Saint-Germain-en-Laye;P6;2004-10-22;V4;Esp0430
Forêt de Saint-Germain-en-Laye;P4;2005-09-13;V12;Esp0430
Forêt de Saint-Germain-en-Laye;P7;2005-10-07;V23;Esp0430
Forêt de Saint-Germain-en-Laye;P4;2005-10-08;V24;Esp0430
Forêt de Saint-Germain-en-Laye;P3;2005-10-18;V30;Esp0430
Forêt de Saint-Germain-en-Laye;P5;2004-11-08;V6;Esp0430
Forêt de Saint-Germain-en-Laye;P5;2004-10-17;V3;Esp0430
Forêt de Saint-Germain-en-Laye;P1;2005-08-28;V9;Esp0430
Forêt de Saint-Germain-en-Laye;P2;2005-10-20;V31;Esp0431
Forêt de Saint-Germain-en-Laye;P5;2005-09-26;V17;Esp0431
Forêt de Saint-Germain-en-Laye;P3;2005-09-30;V19;Esp0431
Forêt de Saint-Germain-en-Laye;P1;2005-08-25;V8;Esp0431
Forêt de Saint-Germain-en-Laye;P3;2005-09-14;V13;Esp0431
Forêt de Saint-Germain-en-Laye;P1;2005-09-16;V14;Esp0431
Forêt de Saint-Germain-en-Laye;P1;2004-10-17;V3;Esp0431
Forêt de Saint-Germain-en-Laye;P2;2005-10-01;V20;Esp0431
Forêt de Saint-Germain-en-Laye;P3;2004-10-10;V2;Esp0432
Forêt de Saint-Germain-en-Laye;P6;2004-10-22;V4;Esp0432
Forêt de Saint-Germain-en-Laye;P5;2004-11-08;V6;Esp0432
Forêt de Saint-Germain-en-Laye;P7;2005-10-18;V30;Esp0432
Forêt de Saint-Germain-en-Laye;P6;2004-10-17;V3;Esp0432
Forêt de Saint-Germain-en-Laye;P5;2005-09-30;V19;Esp0432
Forêt de Saint-Germain-en-Laye;P1;2005-09-26;V17;Esp0432
Forêt de Saint-Germain-en-Laye;P7;2005-11-12;V32;Esp0432
Forêt de Saint-Germain-en-Laye;P3;2005-10-16;V29;Esp0433
Forêt de Saint-Germain-en-Laye;P2;2005-09-18;V15;Esp0433
Forêt de Saint-Germain-en-Laye;P2;2005-10-14;V27;Esp0433
Forêt de Saint-Germain-en-Laye;P6;2005-10-12;V26;Esp0433
Forêt de Saint-Germain-en-Laye;P2;2005-09-13;V12;Esp0433
Forêt de Saint-Germain-en-Laye;P7;2004-10-17;V3;Esp0433
Forêt de Saint-Germain-en-Laye;P2;2005-10-15;V28;Esp0433
Forêt de Saint-Germain-en-Laye;P4;2005-09-30;V19;Esp0433
Forêt de Saint-Germain-en-Laye;P1;2005-10-16;V29;Esp0434
Forêt de Saint-Germain-en-Laye;P1;2005-09-16;V14;Esp0434
Forêt de Saint-Germain-en-Laye;P2;2005-08-25;V8;Esp0434
Forêt de Saint-Germain-en-Laye;P7;2005-10-07;V23;Esp0434
Forêt de Saint-Germain-en-Laye;P7;2005-09-29;V18;Esp0434
Forêt de Saint-Germain-en-Laye;P3;2005-10-15;V28;Esp0434
Forêt de Saint-Germain-en-Laye;P3;2005-10-20;V31;Esp0434
Forêt de Saint-Germain-en-Laye;P2;2005-11-12;V32;Esp0434
Forêt de Saint-Germain-en-Laye;P1;2004-11-08;V6;Esp0435
Forêt de Saint-Germain-en-Laye;P6;2005-10-16;V29;Esp0435
Forêt de Saint-Germain-en-Laye;P3;2005-10-12;V26;Esp0435
Forêt de Saint-Germain-en-Laye;P3;2005-10-15;V28;Esp0435
Forêt de Saint-Germain-en-Laye;P2;2005-08-25;V8;Esp0435
Forêt de Saint-Germain-en-Laye;P5;2005-09-18;V15;Esp0435
Forêt de Saint-Germain-en-Laye;P6;2005-08-30;V10;Esp0435
Forêt de Saint-Germain-en-Laye;P1;2005-10-01;V20;Esp0435
Forêt de Saint-Germain-en-Laye;P3;2005-09-14;V13;Esp0436
Forêt de Saint-Germain-en-Laye;P6;2004-10-22;V4;Esp0436
Forêt de Saint-Germain-en-Laye;P6;2005-08-30;V10;Esp0436
Forêt de Saint-Germain-en-Laye;P2;2005-10-07;V23;Esp0436
Forêt de Saint-Germain-en-Laye;P3;2005-10-03;V21;Esp0436
Forêt de Saint-Germain-en-Laye;P7;2005-09-16;V14;Esp0436
Forêt de Saint-Germain-en-Laye;P6;2005-10-05;V22;Esp0436
Forêt de Saint-Germain-en-Laye;P1;2004-10-17;V3;Esp0436
Forêt de Saint-Germain-en-Laye;P3;2005-10-07;V23;Esp0437
Forêt de Saint-Germain-en-Laye;P2;2005-08-30;V10;Esp0437
Forêt de Saint-Germain-en-Laye;P6;2005-09-26;V17;Esp0437
Forêt de Saint-Germain-en-Laye;P2;2005-09-30;V19;Esp0437
Forêt de Saint-Germain-en-Laye;P6;2005-10-16;V29;Esp0437
Forêt de Saint-Germain-en-Laye;P1;2005-10-18;V30;Esp0437
Forêt de Saint-Germain-en-Laye;P6;2004-10-17;V3;Esp0437
Forêt de Saint-Germain-en-Laye;P1;2005-10-15;V28;Esp0437
Forêt de Saint-Germain-en-Laye;P5;2004-11-08;V6;Esp0438
Forêt de Saint-Germain-en-Laye;P1;2005-10-16;V29;Esp0438
Forêt de Saint-Germain-en-Laye;P4;2005-11-12;V32;Esp0438
Forêt de Saint-Germain-en-Laye;P4;2005-10-20;V31;Esp0438
Forêt de Saint-Germain-en-Laye;P4;2004-10-29;V5;Esp0438
Forêt de Saint-Germain-en-Laye;P6;2005-09-20;V16;Esp0438
Forêt de Saint-Germain-en-Laye;P2;2004-10-02;V1;Esp0438
Forêt de Saint-Germain-en-Laye;P3;2005-10-14;V27;Esp0438
Forêt de Saint-Germain-en-Laye;P2;2005-10-10;V25;Esp0439
Forêt de Saint-Germain-en-Laye;P6;2005-09-16;V14;Esp0439
Forêt de Saint-Germain-en-Laye;P1;2005-10-15;V28;Esp0439
Forêt de Saint-Germain-en-Laye;P2;2005-10-03;V21;Esp0439
Forêt de Saint-Germain-en-Laye;P5;2005-10-07;V23;Esp0439
Forêt de Saint-Germain-en-Laye;P3;2004-10-02;V1;Esp0439
Forêt de Saint-Germain-en-Laye;P7;2005-10-12;V26;Esp0439
Forêt de Saint-Germain-en-Laye;P5;2005-09-18;V15;Esp0439
Forêt de Saint-Germain-en-Laye;P4;2004-10-10;V2;Esp0440
Forêt de Saint-Germain-en-Laye;P4;2005-10-08;V24;Esp0440
Forêt de Saint-Germain-en-Laye;P6;2005-10-18;V30;Esp0440
Forêt de Saint-Germain-en-Laye;P5;2005-09-13;V12;Esp0440
Forêt de Saint-Germain-en-Laye;P7;2005-10-05;V22;Esp0440
Forêt de Saint-Germain-en-Laye;P1;2005-10-20;V31;Esp0440
Forêt de Saint-Germain-en-Laye;P4;2005-08-28;V9;Esp0440
Forêt de Saint-Germain-en-Laye;P3;2005-09-14;V13;Esp0440
Forêt de Saint-Germain-en-Laye;P4;2005-08-28;V9;Esp0441
Forêt de Saint-Germain-en-Laye;P2;2005-10-03;V21;Esp0441
Forêt de Saint-Germain-en-Laye;P5;2004-10-22;V4;Esp0441
Forêt de Saint-Germain-en-Laye;P2;2005-11-12;V32;Esp0441
Forêt de Saint-Germain-en-Laye;P2;2005-10-01;V20;Esp0441
Forêt de Saint-Germain-en-Laye;P3;2005-08-25;V8;Esp0441
Forêt de Saint-Germain-en-Laye;P6;2005-08-30;V10;Esp0441
Forêt de Saint-Germain-en-Laye;P5;2005-08-23;V7;Esp0441
Forêt de Saint-Germain-en-Laye;P7;2004-10-29;V5;Esp0441
Forêt de Saint-Germain-en-Laye;P4;2005-08-30;V10;Esp0442
Forêt de Saint-Germain-en-Laye;P5;2005-09-13;V12;Esp0442
Forêt de Saint-Germain-en-Laye;P6;2005-10-03;V21;Esp0442
Forêt de Saint-Germain-en-Laye;P6;2005-09-29;V18;Esp0442
Forêt de Saint-Germain-en-Laye;P7;2005-10-18;V30;Esp0442
Forêt de Saint-Germain-en-Laye;P4;2005-09-18;V15;Esp0442
Forêt de Saint-Germain-en-Laye;P7;2005-09-14;V13;Esp0442
Forêt de Saint-Germain-en-Laye;P5;2004-10-29;V5;Esp0442
Forêt de Saint-Germain-en-Laye;P1;2005-10-07;V23;Esp0442
Forêt de Saint-Germain-en-Laye;P3;2005-10-10;V25;Esp0443
Forêt de Saint-Germain-en-Laye;P3;2004-11-08;V6;Esp0443
Forêt de Saint-Germain-en-Laye;P2;2005-08-25;V8;Esp0443
Forêt de Saint-Germain-en-Laye;P2;2005-09-30;V19;Esp0443
Forêt de Saint-Germain-en-Laye;P7;2005-08-30;V10;Esp0443
Forêt de Saint-Germain-en-Laye;P2;2005-10-16;V29;Esp0443
Forêt de Saint-Germain-en-Laye;P6;2004-10-10;V2;Esp0443
Forêt de Saint-Germain-en-Laye;P5;2005-10-15;V28;Esp0443
Forêt de Saint-Germain-en-Laye;P4;2004-10-17;V3;Esp0443
Forêt de Saint-Germain-en-Laye;P5;2005-08-25;V8;Esp0444
Forêt de Saint-Germain-en-Laye;P4;2005-10-01;V20;Esp0444
Forêt de Saint-Germain-en-Laye;P5;2004-10-02;V1;Esp0444
Forêt de Saint-Germain-en-Laye;P6;2005-10-15;V28;Esp0444
Forêt de Saint-Germain-en-Laye;P1;2005-09-20;V16;Esp0444
Forêt de Saint-Germain-en-Laye;P6;2004-11-08;V6;Esp0444
Forêt de Saint-Germain-en-Laye;P1;2005-09-13;V12;Esp0444
Forêt de Saint-Germain-en-Laye;P3;2005-09-26;V17;Esp0444
Forêt de Saint-Germain-en-Laye;P3;2005-10-16;V29;Esp0444
Forêt de Saint-Germain-en-Laye;P4;2005-08-28;V9;Esp0445
Forêt de Saint-Germain-en-Laye;P2;2005-08-30;V10;Esp0445
Forêt de Saint-Germain-en-Laye;P1;2005-09-13;V12;Esp0445
Forêt de Saint-Germain-en-Laye;P4;2005-09-30;V19;Esp0445
Forêt de Saint-Germain-en-Laye;P3;2005-10-15;V28;Esp0445
Forêt de Saint-Germain-en-Laye;P6;2005-10-07;V23;Esp0445
Forêt de Saint-Germain-en-Laye;P5;2005-11-12;V32;Esp0445
Forêt de Saint-Germain-en-Laye;P3;2005-10-12;V26;Esp0445
Forêt de Saint-Germain-en-Laye;P5;2005-10-10;V25;Esp0445
Forêt de Saint-Germain-en-Laye;P3;2005-09-30;V19;Esp0446
Forêt de Saint-Germain-en-Laye;P5;2004-10-22;V4;Esp0446
Forêt de Saint-Germain-en-Laye;P5;2005-09-16;V14;Esp0446
Forêt de Saint-Germain-en-Laye;P1;2005-10-16;V29;Esp0446
Forêt de Saint-Germain-en-Laye;P2;2004-10-29;V5;Esp0446
Forêt de Saint-Germain-en-Laye;P4;2005-10-15;V28;Esp0446
Forêt de Saint-Germain-en-Laye;P7;2005-10-08;V24;Esp0446
Forêt de Saint-Germain-en-Laye;P6;2005-08-30;V10;Esp0446
Forêt de Saint-Germain-en-Laye;P2;2005-10-18;V30;Esp0446
Forêt de Saint-Germain-en-Laye;P1;2004-10-17;V3;Esp0447
Forêt de Saint-Germain-en-Laye;P6;2005-09-14;V13;Esp0447
Forêt de Saint-Germain-en-Laye;P6;2005-11-12;V32;Esp0447
Forêt de Saint-Germain-en-Laye;P6;2005-08-28;V9;Esp0447
Forêt de Saint-Germain-en-Laye;P7;2004-10-02;V1;Esp0447
Forêt de Saint-Germain-en-Laye;P7;2005-08-23;V7;Esp0447
Forêt de Saint-Germain-en-Laye;P7;2005-10-14;V27;Esp0447
Forêt de Saint-Germain-en-Laye;P6;2004-10-29;V5;Esp0447
Forêt de Saint-Germain-en-Laye;P4;2005-10-01;V20;Esp0447
Forêt de Saint-Germain-en-Laye;P4;2005-09-11;V11;Esp0448
Forêt de Saint-Germain-en-Laye;P3;2005-09-26;V17;Esp0448
Forêt de Saint-Germain-en-Laye;P2;2005-10-16;V29;Esp0448
Forêt de Saint-Germain-en-Laye;P6;2004-10-29;V5;Esp0448
Forêt de Saint-Germain-en-Laye;P1;2005-10-15;V28;Esp0448
Forêt de Saint-Germain-en-Laye;P1;2005-10-10;V25;Esp0448
Forêt de Saint-Germain-en-Laye;P2;2005-10-18;V30;Esp0448
Forêt de Saint-Germain-en-Laye;P6;2005-09-16;V14;Esp0448
Forêt de Saint-Germain-en-Laye;P3;2005-10-03;V21;Esp0448
Forêt de Saint-Germain-en-Laye;P3;2005-10-14;V27;Esp0449
Forêt de Saint-Germain-en-Laye;P2;2005-11-12;V32;Esp0449
Forêt de Saint-Germain-en-Laye;P5;2005-09-18;V15;Esp0449
Forêt de Saint-Germain-en-Laye;P1;2004-10-17;V3;Esp0449
Forêt de Saint-Germain-en-Laye;P6;2004-10-29;V5;Esp0449
Forêt de Saint-Germain-en-Laye;P3;2005-09-16;V14;Esp0449
Forêt de Saint-Germain-en-Laye;P3;2004-10-22;V4;Esp0449
Forêt de Saint-Germain-en-Laye;P7;2005-10-15;V28;Esp0449
Forêt de Saint-Germain-en-Laye;P2;2005-10-03;V21;Esp0449
Forêt de Saint-Germain-en-Laye;P7;2005-09-26;V17;Esp0450
Forêt de Saint-Germain-en-Laye;P7;2005-10-05;V22;Esp0450
Forêt de Saint-Germain-en-Laye;P5;2005-10-16;V29;Esp0450
Forêt de Saint-Germain-en-Laye;P4;2005-09-18;V15;Esp0450
Forêt de Saint-Germain-en-Laye;P7;2005-09-13;V12;Esp0450
Forêt de Saint-Germain-en-Laye;P5;2004-11-08;V6;Esp0450
Forêt de Saint-Germain-en-Laye;P6;2005-10-08;V24;Esp0450
Forêt de Saint-Germain-en-Laye;P5;2004-10-29;V5;Esp0450
Forêt de Saint-Germain-en-Laye;P3;2005-10-18;V30;Esp0450
Forêt de Saint-Germain-en-Laye;P1;2005-09-13;V12;Esp0451
Forêt de Saint-Germain-en-Laye;P3;2005-10-15;V28;Esp0451
Forêt de Saint-Germain-en-Laye;P2;2005-10-12;V26;Esp0451
Forêt de Saint-Germain-en-Laye;P4;2005-10-03;V21;Esp0451
Forêt de Saint-Germain-en-Laye;P2;2005-10-16;V29;Esp0451
Forêt de Saint-Germain-en-Laye;P5;2004-10-10;V2;Esp0451
Forêt de Saint-Germain-en-Laye;P5;2004-10-29;V5;Esp0451
Forêt de Saint-Germain-en-Laye;P7;2005-09-11;V11;Esp0451
Forêt de Saint-Germain-en-Laye;P2;2004-10-02;V1;Esp0451
Forêt de Saint-Germain-en-Laye;P2;2004-10-17;V3;Esp0451
Forêt de Saint-Germain-en-Laye;P7;2005-10-16;V29;Esp0452
Forêt de Saint-Germain-en-Laye;P2;2005-10-15;V28;Esp0452
Forêt de Saint-Germain-en-Laye;P7;2005-08-23;V7;Esp0452
Forêt de Saint-Germain-en-Laye;P1;2005-10-14;V27;Esp0452
Forêt de Saint-Germain-en-Laye;P4;2005-10-05;V22;Esp0452
Forêt de Saint-Germain-en-Laye;P7;2005-09-29;V18;Esp0452
Forêt de Saint-Germain-en-Laye;P4;2005-11-12;V32;Esp0452
Forêt de Saint-Germain-en-Laye;P2;2005-09-30;V19;Esp0452
Forêt de Saint-Germain-en-Laye;P6;2005-09-26;V17;Esp0452
Forêt de Saint-Germain-en-Laye;P5;2005-09-13;V12;Esp0452
Forêt de Saint-Germain-en-Laye;P1;2004-11-08;V6;Esp0453
Forêt de Saint-Germain-en-Laye;P1;2005-10-08;V24;Esp0453
Forêt de Saint-Germain-en-Laye;P1;2004-10-10;V2;Esp0453
Forêt de Saint-Germain-en-Laye;P5;2005-09-14;V13;Esp0453
Forêt de Saint-Germain-en-Laye;P6;2005-10-20;V31;Esp0453
Forêt de Saint-Germain-en-Laye;P4;2005-09-18;V15;Esp0453
Forêt de Saint-Germain-en-Laye;P3;2005-11-12;V32;Esp0453
Forêt de Saint-Germain-en-Laye;P1;2005-10-07;V23;Esp0453
Forêt de Saint-Germain-en-Laye;P3;2005-09-13;V12;Esp0453
Forêt de Saint-Germain-en-Laye;P4;2005-09-30;V19;Esp0453
Forêt de Saint-Germain-en-Laye;P5;2005-10-12;V26;Esp0454
Forêt de Saint-Germain-en-Laye;P3;2005-10-20;V31;Esp0454
Forêt de Saint-Germain-en-Laye;P4;2005-09-26;V17;Esp0454
Forêt de Saint-Germain-en-Laye;P6;2005-10-10;V25;Esp0454
Forêt de Saint-Germain-en-Laye;P3;2005-10-18;V30;Esp0454
Forêt de Saint-Germain-en-Laye;P5;2005-10-16;V29;Esp0454
Forêt de Saint-Germain-en-Laye;P7;2005-10-01;V20;Esp0454
Forêt de Saint-Germain-en-Laye;P5;2005-10-14;V27;Esp0454
Forêt de Saint-Germain-en-Laye;P5;2005-09-14;V13;Esp0454
Forêt de Saint-Germain-en-Laye;P3;2005-08-23;V7;Esp0454
Forêt de Saint-Germain-en-Laye;P4;2005-10-05;V22;Esp0455
Forêt de Saint-Germain-en-Laye;P7;2005-10-16;V29;Esp0455
Forêt de Saint-Germain-en-Laye;P7;2005-10-18;V30;Esp0455
Forêt de Saint-Germain-en-Laye;P1;2005-09-30;V19;Esp0455
Forêt de Saint-Germain-en-Laye;P7;2005-10-14;V27;Esp0455
Forêt de Saint-Germain-en-Laye;P6;2005-08-25;V8;Esp0455
Forêt de Saint-Germain-en-Laye;P3;2005-10-10;V25;Esp0455
Forêt de Saint-Germain-en-Laye;P2;2005-09-16;V14;Esp0455
Forêt de Saint-Germain-en-Laye;P1;2005-10-08;V24;Esp0455
Forêt de Saint-Germain-en-Laye;P6;2005-08-28;V9;Esp0455
Forêt de Saint-Germain-en-Laye;P4;2005-10-16;V29;Esp0456
Forêt de Saint-Germain-en-Laye;P5;2005-08-30;V10;Esp0456
Forêt de Saint-Germain-en-Laye;P7;2004-10-10;V2;Esp0456
Forêt de Saint-Germain-en-Laye;P5;2005-10-08;V24;Esp0456
Forêt de Saint-Germain-en-Laye;P3;2004-10-22;V4;Esp0456
Forêt de Saint-Germain-en-Laye;P3;2005-09-20;V16;Esp0456
Forêt de Saint-Germain-en-Laye;P3;2005-08-25;V8;Esp0456
Forêt de Saint-Germain-en-Laye;P1;2005-09-26;V17;Esp0456
Forêt de Saint-Germain-en-Laye;P1;2005-10-20;V31;Esp0456
Forêt de Saint-Germain-en-Laye;P6;2005-10-10;V25;Esp0456
Forêt de Saint-Germain-en-Laye;P1;2005-10-07;V23;Esp0457
Forêt de Saint-Germain-en-Laye;P7;2005-10-08;V24;Esp0457
Forêt de Saint-Germain-en-Laye;P2;2005-09-16;V14;Esp0457
Forêt de Saint-Germain-en-Laye;P6;2005-10-14;V27;Esp0457
Forêt de Saint-Germain-en-Laye;P1;2005-10-18;V30;Esp0457
Forêt de Saint-Germain-en-Laye;P1;2005-09-11;V11;Esp0457
Forêt de Saint-Germain-en-Laye;P3;2005-11-12;V32;Esp0457
Forêt de Saint-Germain-en-Laye;P3;2005-09-20;V16;Esp0457
Forêt de Saint-Germain-en-Laye;P5;2004-10-02;V1;Esp0457
Forêt de Saint-Germain-en-Laye;P2;2005-09-14;V13;Esp0457
Forêt de Saint-Germain-en-Laye;P2;2005-10-05;V22;Esp0458
Forêt de Saint-Germain-en-Laye;P3;2005-08-25;V8;Esp0458
Forêt de Saint-Germain-en-Laye;P1;2005-10-10;V25;Esp0458
Forêt de Saint-Germain-en-Laye;P4;2005-09-29;V18;Esp0458
Forêt de Saint-Germain-en-Laye;P5;2005-10-14;V27;Esp0458
Forêt de Saint-Germain-en-Laye;P2;2004-10-10;V2;Esp0458
Forêt de Saint-Germain-en-Laye;P1;2004-10-22;V4;Esp0458
Forêt de Saint-Germain-en-Laye;P3;2005-09-26;V17;Esp0458
Forêt de Saint-Germain-en-Laye;P5;2005-09-11;V11;Esp0458
Forêt de Saint-Germain-en-Laye;P6;2005-10-03;V21;Esp0458
Forêt de Saint-Germain-en-Laye;P5;2005-10-10;V25;Esp0459
Forêt de Saint-Germain-en-Laye;P7;2004-10-17;V3;Esp0459
Forêt de Saint-Germain-en-Laye;P4;2005-10-07;V23;Esp0459
Forêt de Saint-Germain-en-Laye;P6;2005-09-16;V14;Esp0459
Forêt de Saint-Germain-en-Laye;P5;2005-09-26;V17;Esp0459
Forêt de Saint-Germain-en-Laye;P1;2005-09-30;V19;Esp0459
Forêt de Saint-Germain-en-Laye;P4;2004-10-10;V2;Esp0459
Forêt de Saint-Germain-en-Laye;P3;2005-08-25;V8;Esp0459
Forêt de Saint-Germain-en-Laye;P7;2005-10-05;V22;Esp0459
Forêt de Saint-Germain-en-Laye;P6;2005-08-28;V9;Esp0459
Forêt de Saint-Germain-en-Laye;P3;2005-10-15;V28;Esp0459
Forêt de Saint-Germain-en-Laye;P7;2004-10-10;V2;Esp0460
Forêt de Saint-Germain-en-Laye;P1;2005-09-18;V15;Esp0460
Forêt de Saint-Germain-en-Laye;P3;2005-09-20;V16;Esp0460
Forêt de Saint-Germain-en-Laye;P2;2005-10-05;V22;Esp0460
Forêt de Saint-Germain-en-Laye;P6;2005-09-29;V18;Esp0460
Forêt de Saint-Germain-en-Laye;P6;2004-10-17;V3;Esp0460
Forêt de Saint-Germain-en-Laye;P7;2005-08-25;V8;Esp0460
Forêt de Saint-Germain-en-Laye;P2;2005-09-30;V19;Esp0460
Forêt de Saint-Germain-en-Laye;P5;2005-10-07;V23;Esp0460
Forêt de Saint-Germain-en-Laye;P2;2005-09-16;V14;Esp0460
Forêt de Saint-Germain-en-Laye;P2;2005-11-12;V32;Esp0460
Forêt de Saint-Germain-en-Laye;P4;2004-11-08;V6;Esp0461
Forêt de Saint-Germain-en-Laye;P3;2005-08-28;V9;Esp0461
Forêt de Saint-Germain-en-Laye;P1;2005-10-01;V20;Esp0461
Forêt de Saint-Germain-en-Laye;P4;2005-10-15;V28;Esp0461
Forêt de Saint-Germain-en-Laye;P1;2005-10-03;V21;Esp0461
Forêt de Saint-Germain-en-Laye;P2;2005-08-25;V8;Esp0461
Forêt de Saint-Germain-en-Laye;P1;2004-10-10;V2;Esp0461
Forêt de Saint-Germain-en-Laye;P2;2005-10-16;V29;Esp0461
Forêt de Saint-Germain-en-Laye;P2;2005-09-18;V15;Esp0461
Forêt de Saint-Germain-en-Laye;P1;2004-10-29;V5;Esp0461
Forêt de Saint-Germain-en-Laye;P7;2005-10-08;V24;Esp0461
Forêt de Saint-Germain-en-Laye;P5;2005-09-20;V16;Esp0462
Forêt de Saint-Germain-en-Laye;P3;2005-10-10;V25;Esp0462
Forêt de Saint-Germain-en-Laye;P4;2005-08-25;V8;Esp0462
Forêt de Saint-Germain-en-Laye;P5;2005-09-11;V11;Esp0462
Forêt de Saint-Germain-en-Laye;P1;2005-08-23;V7;Esp0462
Forêt de Saint-Germain-en-Laye;P1;2004-10-02;V1;Esp0462
Forêt de Saint-Germain-en-Laye;P1;2005-09-30;V19;Esp0462
Forêt de Saint-Germain-en-Laye;P1;2004-11-08;V6;Esp0462
Forêt de Saint-Germain-en-Laye;P4;2005-09-16;V14;Esp0462
Forêt de Saint-Germain-en-Laye;P3;2005-10-08;V24;Esp0462
Forêt de Saint-Germain-en-Laye;P5;2005-08-28;V9;Esp0462
Forêt de Saint-Germain-en-Laye;P1;2005-09-29;V18;Esp0463
Forêt de Saint-Germain-en-Laye;P4;2004-10-22;V4;Esp0463
Forêt de Saint-Germain-en-Laye;P1;2005-10-03;V21;Esp0463
Forêt de Saint-Germain-en-Laye;P6;2004-10-29;V5;Esp0463
Forêt de Saint-Germain-en-Laye;P3;2004-11-08;V6;Esp0463
Forêt de Saint-Germain-en-Laye;P5;2005-09-13;V12;Esp0463
Forêt de Saint-Germain-en-Laye;P3;2005-10-15;V28;Esp0463
Forêt de Saint-Germain-en-Laye;P5;2005-08-23;V7;Esp0463
Forêt de Saint-Germain-en-Laye;P7;2004-10-10;V2;Esp0463
Forêt de Saint-Germain-en-Laye;P7;2004-10-02;V1;Esp0463
Forêt de Saint-Germain-en-Laye;P3;2005-09-16;V14;Esp0463
Forêt de Saint-Germain-en-Laye;P7;2004-11-08;V6;Esp0464
Forêt de Saint-Germain-en-Laye;P6;2005-09-30;V19;Esp0464
Forêt de Saint-Germain-en-Laye;P5;2005-09-26;V17;Esp0464
Forêt de Saint-Germain-en-Laye;P6;2005-10-20;V31;Esp0464
Forêt de Saint-Germain-en-Laye;P6;2005-10-12;V26;Esp0464
Forêt de Saint-Germain-en-Laye;P6;2005-10-14;V27;Esp0464
Forêt de Saint-Germain-en-Laye;P4;2005-11-12;V32;Esp0464
Forêt de Saint-Germain-en-Laye;P4;2005-10-05;V22;Esp0464
Forêt de Saint-Germain-en-Laye;P4;2004-10-02;V1;Esp0464
Forêt de Saint-Germain-en-Laye;P3;2005-09-18;V15;Esp0464
Forêt de Saint-Germain-en-Laye;P6;2005-10-07;V23;Esp0464
Forêt de Saint-Germain-en-Laye;P2;2005-10-07;V23;Esp0465
Forêt de Saint-Germain-en-Laye;P6;2005-10-15;V28;Esp0465
Forêt de Saint-Germain-en-Laye;P6;2004-10-22;V4;Esp0465
Forêt de Saint-Germain-en-Laye;P2;2005-09-14;V13;Esp0465
Forêt de Saint-Germain-en-Laye;P2;2004-10-17;V3;Esp0465
Forêt de Saint-Germain-en-Laye;P5;2004-10-10;V2;Esp0465
Forêt de Saint-Germain-en-Laye;P2;2005-09-26;V17;Esp0465
Forêt de Saint-Germain-en-Laye;P3;2005-08-23;V7;Esp0465
Forêt de Saint-Germain-en-Laye;P2;2005-09-30;V19;Esp0465
Forêt de Saint-Germain-en-Laye;P4;2005-10-03;V21;Esp0465
Forêt de Saint-Germain-en-Laye;P5;2004-10-29;V5;Esp0465
Forêt de Saint-Germain-en-Laye;P4;2004-10-29;V5;Esp0466
Forêt de Saint-Germain-en-Laye;P6;2005-10-03;V21;Esp0466
Forêt de Saint-Germain-en-Laye;P2;2005-10-08;V24;Esp0466
Forêt de Saint-Germain-en-Laye;P1;2004-10-17;V3;Esp0466
Forêt de Saint-Germain-en-Laye;P7;2005-09-30;V19;Esp0466
Forêt de Saint-Germain-en-Laye;P3;2005-10-07;V23;Esp0466
Forêt de Saint-Germain-en-Laye;P4;2005-09-11;V11;Esp0466
Forêt de Saint-Germain-en-Laye;P2;2005-10-14;V27;Esp0466
Forêt de Saint-Germain-en-Laye;P7;2005-08-25;V8;Esp0466
Forêt de Saint-Germain-en-Laye;P6;2005-10-15;V28;Esp0466
Forêt de Saint-Germain-en-Laye;P2;2005-10-16;V29;Esp0466
Forêt de Saint-Germain-en-Laye;P3;2005-09-14;V13;Esp0466
Forêt de Saint-Germain-en-Laye;P1;2005-10-10;V25;Esp0467
Forêt de Saint-Germain-en-Laye;P5;2005-10-07;V23;Esp0467
Forêt de Saint-Germain-en-Laye;P1;2005-08-28;V9;Esp0467
Forêt de Saint-Germain-en-Laye;P3;2005-10-18;V30;Esp0467
Forêt de Saint-Germain-en-Laye;P2;2004-10-17;V3;Esp0467
Forêt de Saint-Germain-en-Laye;P2;2005-09-14;V13;Esp0467
Forêt de Saint-Germain-en-Laye;P2;2005-10-12;V26;Esp0467
Forêt de Saint-Germain-en-Laye;P3;2004-10-10;V2;Esp0467
Forêt de Saint-Germain-en-Laye;P5;2005-09-29;V18;Esp0467
Forêt de Saint-Germain-en-Laye;P2;2005-10-14;V27;Esp0467
Forêt de Saint-Germain-en-Laye;P4;2005-10-15;V28;Esp0467
Forêt de Saint-Germain-en-Laye;P2;2005-10-05;V22;Esp0467
Forêt de Saint-Germain-en-Laye;P7;2005-10-15;V28;Esp0468
Forêt de Saint-Germain-en-Laye;P1;2005-10-01;V20;Esp0468
Forêt de Saint-Germain-en-Laye;P2;2004-10-02;V1;Esp0468
Forêt de Saint-Germain-en-Laye;P6;2005-10-16;V29;Esp0468
Forêt de Saint-Germain-en-Laye;P6;2004-10-17;V3;Esp0468
Forêt de Saint-Germain-en-Laye;P3;2004-10-22;V4;Esp0468
Forêt de Saint-Germain-en-Laye;P4;2005-09-29;V18;Esp0468
Forêt de Saint-Germain-en-Laye;P7;2005-10-20;V31;Esp0468
Forêt de Saint-Germain-en-Laye;P7;2005-10-12;V26;Esp0468
Forêt de Saint-Germain-en-Laye;P1;2005-09-20;V16;Esp0468
Forêt de Saint-Germain-en-Laye;P3;2004-11-08;V6;Esp0468
Forêt de Saint-Germain-en-Laye;P3;2005-09-26;V17;Esp0468
Forêt de Saint-Germain-en-Laye;P2;2005-10-07;V23;Esp0469
Forêt de Saint-Germain-en-Laye;P2;2005-08-28;V9;Esp0469
Forêt de Saint-Germain-en-Laye;P5;2005-10-12;V26;Esp0469
Forêt de Saint-Germain-en-Laye;P3;2005-10-20;V31;Esp0469
Forêt de Saint-Germain-en-Laye;P7;2005-10-16;V29;Esp0469
Forêt de Saint-Germain-en-Laye;P7;2005-09-14;V13;Esp0469
Forêt de Saint-Germain-en-Laye;P3;2005-09-18;V15;Esp0469
Forêt de Saint-Germain-en-Laye;P6;2004-10-17;V3;Esp0469
Forêt de Saint-Germain-en-Laye;P2;2005-10-18;V30;Esp0469
Forêt de Saint-Germain-en-Laye;P4;2005-08-25;V8;Esp0469
Forêt de Saint-Germain-en-Laye;P7;2004-10-02;V1;Esp0469
Forêt de Saint-Germain-en-Laye;P3;2005-10-05;V22;Esp0469
Forêt de Saint-Germain-en-Laye;P3;2004-10-10;V2;Esp0470
Forêt de Saint-Germain-en-Laye;P2;2005-08-28;V9;Esp0470
Forêt de Saint-Germain-en-Laye;P5;2005-09-18;V15;Esp0470
Forêt de Saint-Germain-en-Laye;P5;2005-10-14;V27;Esp0470
Forêt de Saint-Germain-en-Laye;P5;2005-09-30;V19;Esp0470
Forêt de Saint-Germain-en-Laye;P2;2005-09-29;V18;Esp0470
Forêt de Saint-Germain-en-Laye;P1;2005-09-26;V17;Esp0470
Forêt de Saint-Germain-en-Laye;P2;2004-10-02;V1;Esp0470
Forêt de Saint-Germain-en-Laye;P7;2005-10-12;V26;Esp0470
Forêt de Saint-Germain-en-Laye;P3;2005-10-08;V24;Esp0470
Forêt de Saint-Germain-en-Laye;P6;2005-10-16;V29;Esp0470
Forêt de Saint-Germain-en-Laye;P2;2005-08-23;V7;Esp0470
Forêt de Saint-Germain-en-Laye;P4;2005-08-30;V10;Esp0471
Forêt de Saint-Germain-en-Laye;P2;2005-10-20;V31;Esp0471
Forêt de Saint-Germain-en-Laye;P6;2005-09-20;V16;Esp0471
Forêt de Saint-Germain-en-Laye;P2;2004-10-17;V3;Esp0471
Forêt de Saint-Germain-en-Laye;P7;2005-10-18;V30;Esp0471
Forêt de Saint-Germain-en-Laye;P5;2005-08-25;V8;Esp0471
Forêt de Saint-Germain-en-Laye;P4;2005-10-01;V20;Esp0471
Forêt de Saint-Germain-en-Laye;P7;2005-11-12;V32;Esp0471
Forêt de Saint-Germain-en-Laye;P2;2005-10-07;V23;Esp0471
Forêt de Saint-Germain-en-Laye;P6;2005-09-30;V19;Esp0471
Forêt de Saint-Germain-en-Laye;P1;2005-09-11;V11;Esp0471
Forêt de Saint-Germain-en-Laye;P4;2005-10-15;V28;Esp0471
Forêt de Saint-Germain-en-Laye;P7;2004-10-02;V1;Esp0471
Forêt de Saint-Germain-en-Laye;P5;2004-10-22;V4;Esp0472
Forêt de Saint-Germain-en-Laye;P1;2004-10-17;V3;Esp0472
Forêt de Saint-Germain-en-Laye;P6;2005-09-20;V16;Esp0472
Forêt de Saint-Germain-en-Laye;P4;2005-09-29;V18;Esp0472
Forêt de Saint-Germain-en-Laye;P2;2005-09-16;V14;Esp0472
Forêt de Saint-Germain-en-Laye;P7;2005-10-08;V24;Esp0472
Forêt de Saint-Germain-en-Laye;P4;2005-10-05;V22;Esp0472
Forêt de Saint-Germain-en-Laye;P4;2005-10-03;V21;Esp0472
Forêt de Saint-Germain-en-Laye;P6;2005-10-14;V27;Esp0472
Forêt de Saint-Germain-en-Laye;P3;2005-10-07;V23;Esp0472
Forêt de Saint-Germain-en-Laye;P2;2004-10-10;V2;Esp0472
Forêt de Saint-Germain-en-Laye;P2;2005-09-18;V15;Esp0472
Forêt de Saint-Germain-en-Laye;P5;2005-09-11;V11;Esp0472
Forêt de Saint-Germain-en-Laye;P1;2005-10-08;V24;Esp0473
Forêt de Saint-Germain-en-Laye;P1;2005-10-07;V23;Esp0473
Forêt de Saint-Germain-en-Laye;P7;2005-09-16;V14;Esp0473
Forêt de Saint-Germain-en-Laye;P4;2005-08-30;V10;Esp0473
Forêt de Saint-Germain-en-Laye;P2;2005-09-13;V12;Esp0473
Forêt de Saint-Germain-en-Laye;P6;2005-08-25;V8;Esp0473
Forêt de Saint-Germain-en-Laye;P1;2004-10-10;V2;Esp0473
Forêt de Saint-Germain-en-Laye;P1;2005-10-15;V28;Esp0473
Forêt de Saint-Germain-en-Laye;P6;2004-10-22;V4;Esp0473
Forêt de Saint-Germain-en-Laye;P6;2005-09-29;V18;Esp0473
Forêt de Saint-Germain-en-Laye;P3;2005-09-11;V11;Esp0473
Forêt de Saint-Germain-en-Laye;P4;2005-09-26;V17;Esp0473
Forêt de Saint-Germain-en-Laye;P5;2005-11-12;V32;Esp0473
Forêt de Saint-Germain-en-Laye;P1;2005-11-12;V32;Esp0474
Forêt de Saint-Germain-en-Laye;P5;2005-09-20;V16;Esp0474
Forêt de Saint-Germain-en-Laye;P7;2005-10-08;V24;Esp0474
Forêt de Saint-Germain-en-Laye;P1;2005-09-26;V17;Esp0474
Forêt de Saint-Germain-en-Laye;P1;2005-09-13;V12;Esp0474
Forêt de Saint-Germain-en-Laye;P7;2005-10-01;V20;Esp0474
Forêt de Saint-Germain-en-Laye;P2;2005-08-23;V7;Esp0474
Forêt de Saint-Germain-en-Laye;P3;2005-10-12;V26;Esp0474
Forêt de Saint-Germain-en-Laye;P1;2005-09-30;V19;Esp0474
Forêt de Saint-Germain-en-Laye;P2;2005-10-07;V23;Esp0474
Forêt de Saint-Germain-en-Laye;P5;2004-11-08;V6;Esp0474
Forêt de Saint-Germain-en-Laye;P3;2005-09-29;V18;Esp0474
Forêt de Saint-Germain-en-Laye;P6;2004-10-02;V1;Esp0474
Forêt de Saint-Germain-en-Laye;P3;2005-09-18;V15;Esp0475
Forêt de Saint-Germain-en-Laye;P1;2005-08-23;V7;Esp0475
Forêt de Saint-Germain-en-Laye;P6;2005-10-01;V20;Esp0475
Forêt de Saint-Germain-en-Laye;P2;2005-09-14;V13;Esp0475
Forêt de Saint-Germain-en-Laye;P4;2005-10-15;V28;Esp0475
Forêt de Saint-Germain-en-Laye;P1;2005-08-28;V9;Esp0475
Forêt de Saint-Germain-en-Laye;P5;2005-10-12;V26;Esp0475
Forêt de Saint-Germain-en-Laye;P6;2005-10-10;V25;Esp0475
Forêt de Saint-Germain-en-Laye;P6;2005-10-03;V21;Esp0475
Forêt de Saint-Germain-en-Laye;P3;2004-10-17;V3;Esp0475
Forêt de Saint-Germain-en-Laye;P5;2004-10-22;V4;Esp0475
Forêt de Saint-Germain-en-Laye;P3;2005-09-20;V16;Esp0475
Forêt de Saint-Germain-en-Laye;P6;2005-09-30;V19;Esp0475
Forêt de Saint-Germain-en-Laye;P1;2004-10-02;V1;Esp0475
Forêt de Saint-Germain-en-Laye;P4;2005-10-10;V25;Esp0476
Forêt de Saint-Germain-en-Laye;P2;2004-10-22;V4;Esp0476
Forêt de Saint-Germain-en-Laye;P4;2005-10-18;V30;Esp0476
Forêt de Saint-Germain-en-Laye;P5;2005-09-11;V11;Esp0476
Forêt de Saint-Germain-en-Laye;P1;2005-09-13;V12;Esp0476
Forêt de Saint-Germain-en-Laye;P7;2005-10-12;V26;Esp0476
Forêt de Saint-Germain-en-Laye;P6;2005-09-20;V16;Esp0476
Forêt de Saint-Germain-en-Laye;P7;2005-11-12;V32;Esp0476
Forêt de Saint-Germain-en-Laye;P7;2005-10-01;V20;Esp0476
Forêt de Saint-Germain-en-Laye;P3;2005-09-30;V19;Esp0476
Forêt de Saint-Germain-en-Laye;P2;2005-10-14;V27;Esp0476
Forêt de Saint-Germain-en-Laye;P3;2005-10-05;V22;Esp0476
Forêt de Saint-Germain-en-Laye;P2;2005-09-29;V18;Esp0476
Forêt de Saint-Germain-en-Laye;P7;2005-08-30;V10;Esp0476
Forêt de Saint-Germain-en-Laye;P7;2005-08-30;V10;Esp0477
Forêt de Saint-Germain-en-Laye;P7;2004-10-10;V2;Esp0477
Forêt de Saint-Germain-en-Laye;P3;2005-09-11;V11;Esp0477
Forêt de Saint-Germain-en-Laye;P5;2005-11-12;V32;Esp0477
Forêt de Saint-Germain-en-Laye;P4;2005-09-13;V12;Esp0477
Forêt de Saint-Germain-en-Laye;P7;2005-09-16;V14;Esp0477
Forêt de Saint-Germain-en-Laye;P7;2005-10-15;V28;Esp0477
Forêt de Saint-Germain-en-Laye;P1;2005-08-28;V9;Esp0477
Forêt de Saint-Germain-en-Laye;P3;2005-10-10;V25;Esp0477
Forêt de Saint-Germain-en-Laye;P4;2005-10-20;V31;Esp0477
Forêt de Saint-Germain-en-Laye;P2;2005-10-01;V20;Esp0477
Forêt de Saint-Germain-en-Laye;P5;2005-08-23;V7;Esp0477
Forêt de Saint-Germain-en-Laye;P5;2005-09-29;V18;Esp0477
Forêt de Saint-Germain-en-Laye;P3;2005-08-25;V8;Esp0477
Forêt de Saint-Germain-en-Laye;P7;2005-09-18;V15;Esp0478
Forêt de Saint-Germain-en-Laye;P2;2004-10-29;V5;Esp0478
Forêt de Saint-Germain-en-Laye;P1;2005-08-30;V10;Esp0478
Forêt de Saint-Germain-en-Laye;P2;2005-10-14;V27;Esp0478
Forêt de Saint-Germain-en-Laye;P1;2005-09-29;V18;Esp0478
Forêt de Saint-Germain-en-Laye;P3;2004-10-22;V4;Esp0478
Forêt de Saint-Germain-en-Laye;P5;2005-10-20;V31;Esp0478
Forêt de Saint-Germain-en-Laye;P6;2005-10-07;V23;Esp0478
Forêt de Saint-Germain-en-Laye;P3;2005-11-12;V32;Esp0478
Forêt de Saint-Germain-en-Laye;P3;2005-09-20;V16;Esp0478
Forêt de Saint-Germain-en-Laye;P5;2005-10-16;V29;Esp0478
Forêt de Saint-Germain-en-Laye;P4;2005-10-15;V28;Esp0478
Forêt de Saint-Germain-en-Laye;P3;2005-10-03;V21;Esp0478
Forêt de Saint-Germain-en-Laye;P6;2005-08-23;V7;Esp0478
Forêt de Saint-Germain-en-Laye;P6;2005-10-10;V25;Esp0478
Forêt de Saint-Germain-en-Laye;P5;2005-10-01;V20;Esp0479
Forêt de Saint-Germain-en-Laye;P6;2005-10-07;V23;Esp0479
Forêt de Saint-Germain-en-Laye;P5;2004-10-22;V4;Esp0479
Forêt de Saint-Germain-en-Laye;P4;2005-09-11;V11;Esp0479
Forêt de Saint-Germain-en-Laye;P5;2004-10-10;V2;Esp0479
Forêt de Saint-Germain-en-Laye;P2;2005-09-16;V14;Esp0479
Forêt de Saint-Germain-en-Laye;P4;2005-09-30;V19;Esp0479
Forêt de Saint-Germain-en-Laye;P2;2005-08-23;V7;Esp0479
Forêt de Saint-Germain-en-Laye;P7;2005-10-16;V29;Esp0479
Forêt de Saint-Germain-en-Laye;P4;2005-09-18;V15;Esp0479
Forêt de Saint-Germain-en-Laye;P5;2005-10-10;V25;Esp0479
Forêt de Saint-Germain-en-Laye;P7;2005-09-20;V16;Esp0479
Forêt de Saint-Germain-en-Laye;P2;2005-09-14;V13;Esp0479
Forêt de Saint-Germain-en-Laye;P1;2005-10-20;V31;Esp0479
Forêt de Saint-Germain-en-Laye;P4;2005-10-12;V26;Esp0479
Forêt de Saint-Germain-en-Laye;P2;2005-10-05;V22;Esp0480
Forêt de Saint-Germain-en-Laye;P5;2005-09-11;V11;Esp0480
Forêt de Saint-Germain-en-Laye;P4;2005-10-15;V28;Esp0480
Forêt de Saint-Germain-en-Laye;P5;2005-09-29;V18;Esp0480
Forêt de Saint-Germain-en-Laye;P1;2004-10-10;V2;Esp0480
Forêt de Saint-Germain-en-Laye;P4;2005-11-12;V32;Esp0480
Forêt de Saint-Germain-en-Laye;P7;2005-10-14;V27;Esp0480
Forêt de Saint-Germain-en-Laye;P4;2004-11-08;V6;Esp0480
Forêt de Saint-Germain-en-Laye;P4;2005-09-16;V14;Esp0480
Forêt de Saint-Germain-en-Laye;P7;2004-10-02;V1;Esp0480
Forêt de Saint-Germain-en-Laye;P7;2005-08-30;V10;Esp0480
Forêt de Saint-Germain-en-Laye;P1;2005-08-28;V9;Esp0480
Forêt de Saint-Germain-en-Laye;P1;2005-09-14;V13;Esp0480
Forêt de Saint-Germain-en-Laye;P1;2004-10-17;V3;Esp0480
Forêt de Saint-Germain-en-Laye;P5;2005-10-03;V21;Esp0480
Forêt de Saint-Germain-en-Laye;P1;2005-10-10;V25;Esp0480
Forêt de Saint-Germain-en-Laye;P2;2005-09-14;V13;Esp0481
Forêt de Saint-Germain-en-Laye;P7;2005-09-11;V11;Esp0481
Forêt de Saint-Germain-en-Laye;P3;2005-10-16;V29;Esp0481
Forêt de Saint-Germain-en-Laye;P1;2005-09-13;V12;Esp0481
Forêt de Saint-Germain-en-Laye;P4;2004-10-29;V5;Esp0481
Forêt de Saint-Germain-en-Laye;P1;2004-10-17;V3;Esp0481
Forêt de Saint-Germain-en-Laye;P3;2005-10-14;V27;Esp0481
Forêt de Saint-Germain-en-Laye;P7;2004-11-08;V6;Esp0481
Forêt de Saint-Germain-en-Laye;P2;2005-08-25;V8;Esp0481
Forêt de Saint-Germain-en-Laye;P7;2004-10-02;V1;Esp0481
Forêt de Saint-Germain-en-Laye;P3;2005-10-20;V31;Esp0481
Forêt de Saint-Germain-en-Laye;P7;2005-10-10;V25;Esp0481
Forêt de Saint-Germain-en-Laye;P4;2005-09-18;V15;Esp0481
Forêt de Saint-Germain-en-Laye;P2;2005-10-03;V21;Esp0481
Forêt de Saint-Germain-en-Laye;P5;2004-10-10;V2;Esp0481
Forêt de Saint-Germain-en-Laye;P5;2005-11-12;V32;Esp0481
Forêt de Saint-Germain-en-Laye;P2;2005-10-20;V31;Esp0482
Forêt de Saint-Germain-en-Laye;P5;2005-09-18;V15;Esp0482
Forêt de Saint-Germain-en-Laye;P3;2005-10-03;V21;Esp0482
Forêt de Saint-Germain-en-Laye;P5;2005-09-20;V16;Esp0482
Forêt de Saint-Germain-en-Laye;P5;2005-09-26;V17;Esp0482
Forêt de Saint-Germain-en-Laye;P4;2005-09-11;V11;Esp0482
Forêt de Saint-Germain-en-Laye;P3;2005-09-13;V12;Esp0482
Forêt de Saint-Germain-en-Laye;P7;2005-09-30;V19;Esp0482
Forêt de Saint-Germain-en-Laye;P3;2005-11-12;V32;Esp0482
Forêt de Saint-Germain-en-Laye;P7;2005-10-10;V25;Esp0482
Forêt de Saint-Germain-en-Laye;P1;2005-08-23;V7;Esp0482
Forêt de Saint-Germain-en-Laye;P7;2005-09-29;V18;Esp0482
Forêt de Saint-Germain-en-Laye;P5;2005-10-07;V23;Esp0482
Forêt de Saint-Germain-en-Laye;P5;2004-10-29;V5;Esp0482
Forêt de Saint-Germain-en-Laye;P4;2005-09-14;V13;Esp0482
Forêt de Saint-Germain-en-Laye;P4;2004-10-17;V3;Esp0482
Forêt de Saint-Germain-en-Laye;P1;2005-08-30;V10;Esp0482
Forêt de Saint-Germain-en-Laye;P2;2005-08-23;V7;Esp0483
Forêt de Saint-Germain-en-Laye;P2;2005-09-13;V12;Esp0483
Forêt de Saint-Germain-en-Laye;P3;2005-09-20;V16;Esp0483
Forêt de Saint-Germain-en-Laye;P7;2004-10-10;V2;Esp0483
Forêt de Saint-Germain-en-Laye;P6;2005-09-16;V14;Esp0483
Forêt de Saint-Germain-en-Laye;P1;2005-08-30;V10;Esp0483
Forêt de Saint-Germain-en-Laye;P3;2005-10-12;V26;Esp0483
Forêt de Saint-Germain-en-Laye;P2;2005-10-10;V25;Esp0483
Forêt de Saint-Germain-en-Laye;P4;2005-10-15;V28;Esp0483
Forêt de Saint-Germain-en-Laye;P2;2005-10-05;V22;Esp0483
Forêt de Saint-Germain-en-Laye;P4;2004-10-29;V5;Esp0483
Forêt de Saint-Germain-en-Laye;P4;2005-10-01;V20;Esp0483
Forêt de Saint-Germain-en-Laye;P4;2005-10-14;V27;Esp0483
Forêt de Saint-Germain-en-Laye;P4;2005-09-18;V15;Esp0483
Forêt de Saint-Germain-en-Laye;P3;2004-10-22;V4;Esp0483
Forêt de Saint-Germain-en-Laye;P6;2005-09-29;V18;Esp0483
Forêt de Saint-Germain-en-Laye;P2;2005-09-14;V13;Esp0483
Forêt de Saint-Germain-en-Laye;P3;2005-08-28;V9;Esp0483
Forêt de Saint-Germain-en-Laye;P7;2005-09-30;V19;Esp0484
Forêt de Saint-Germain-en-Laye;P4;2004-10-02;V1;Esp0484
Forêt de Saint-Germain-en-Laye;P7;2005-08-30;V10;Esp0484
Forêt de Saint-Germain-en-Laye;P3;2005-10-01;V20;Esp0484
Forêt de Saint-Germain-en-Laye;P7;2005-10-08;V24;Esp0484
Forêt de Saint-Germain-en-Laye;P4;2004-10-10;V2;Esp0484
Forêt de Saint-Germain-en-Laye;P7;2004-11-08;V6;Esp0484
Forêt de Saint-Germain-en-Laye;P6;2005-10-14;V27;Esp0484
Forêt de Saint-Germain-en-Laye;P2;2005-10-10;V25;Esp0484
Forêt de Saint-Germain-en-Laye;P2;2005-09-18;V15;Esp0484
Forêt de Saint-Germain-en-Laye;P7;2005-09-26;V17;Esp0484
Forêt de Saint-Germain-en-Laye;P7;2005-10-15;V28;Esp0484
Forêt de Saint-Germain-en-Laye;P6;2005-10-03;V21;Esp0484
Forêt de Saint-Germain-en-Laye;P3;2004-10-17;V3;Esp0484
Forêt de Saint-Germain-en-Laye;P1;2005-10-05;V22;Esp0484
Forêt de Saint-Germain-en-Laye;P2;2005-09-16;V14;Esp0484
Forêt de Saint-Germain-en-Laye;P2;2005-10-18;V30;Esp0484
Forêt de Saint-Germain-en-Laye;P6;2004-10-22;V4;Esp0484
Forêt de Saint-Germain-en-Laye;P3;2005-09-20;V16;Esp0484
Forêt de Saint-Germain-en-Laye;P5;2005-10-12;V26;Esp0485
Forêt de Saint-Germain-en-Laye;P5;2005-08-23;V7;Esp0485
Forêt de Saint-Germain-en-Laye;P1;2005-10-01;V20;Esp0485
Forêt de Saint-Germain-en-Laye;P2;2005-10-03;V21;Esp0485
Forêt de Saint-Germain-en-Laye;P6;2005-09-18;V15;Esp0485
Forêt de Saint-Germain-en-Laye;P3;2005-08-28;V9;Esp0485
Forêt de Saint-Germain-en-Laye;P3;2005-10-20;V31;Esp0485
Forêt de Saint-Germain-en-Laye;P1;2005-10-10;V25;Esp0485
Forêt de Saint-Germain-en-Laye;P1;2005-09-29;V18;Esp0485
Forêt de Saint-Germain-en-Laye;P3;2005-10-15;V28;Esp0485
Forêt de Saint-Germain-en-Laye;P6;2005-09-20;V16;Esp0485
Forêt de Saint-Germain-en-Laye;P1;2005-09-16;V14;Esp0485
Forêt de Saint-Germain-en-Laye;P4;2004-10-10;V2;Esp0485
Forêt de Saint-Germain-en-Laye;P3;2005-11-12;V32;Esp0485
Forêt de Saint-Germain-en-Laye;P7;2005-10-14;V27;Esp0485
Forêt de Saint-Germain-en-Laye;P3;2005-10-16;V29;Esp0485
Forêt de Saint-Germain-en-Laye;P7;2004-10-17;V3;Esp0485
Forêt de Saint-Germain-en-Laye;P3;2005-08-30;V10;Esp0485
Forêt de Saint-Germain-en-Laye;P1;2005-09-30;V19;Esp0485
Forêt de Saint-Germain-en-Laye;P3;2004-10-22;V4;Esp0485
Forêt de Saint-Germain-en-Laye;P3;2005-10-16;V29;Esp0486
Forêt de Saint-Germain-en-Laye;P7;2005-09-13;V12;Esp0486
Forêt de Saint-Germain-en-Laye;P6;2004-10-02;V1;Esp0486
Forêt de Saint-Germain-en-Laye;P6;2005-09-16;V14;Esp0486
Forêt de Saint-Germain-en-Laye;P1;2005-11-12;V32;Esp0486
Forêt de Saint-Germain-en-Laye;P6;2005-09-30;V19;Esp0486
Forêt de Saint-Germain-en-Laye;P6;2005-08-23;V7;Esp0486
Forêt de Saint-Germain-en-Laye;P6;2005-10-08;V24;Esp0486
Forêt de Saint-Germain-en-Laye;P1;2005-09-14;V13;Esp0486
Forêt de Saint-Germain-en-Laye;P4;2004-11-08;V6;Esp0486
Forêt de Saint-Germain-en-Laye;P4;2005-10-03;V21;Esp0486
Forêt de Saint-Germain-en-Laye;P1;2005-09-18;V15;Esp0486
Forêt de Saint-Germain-en-Laye;P4;2005-08-25;V8;Esp0486
Forêt de Saint-Germain-en-Laye;P7;2005-10-01;V20;Esp0486
Forêt de Saint-Germain-en-Laye;P4;2005-10-10;V25;Esp0486
Forêt de Saint-Germain-en-Laye;P7;2005-08-30;V10;Esp0486
Forêt de Saint-Germain-en-Laye;P2;2005-10-05;V22;Esp0486
Forêt de Saint-Germain-en-Laye;P7;2005-10-20;V31;Esp0486
Forêt de Saint-Germain-en-Laye;P5;2005-09-20;V16;Esp0486
Forêt de Saint-Germain-en-Laye;P7;2004-10-22;V4;Esp0486